Post_ID,Platform,Topic,Post_Text,Likes,Shares,Sentiment,Date
1,3,4,15,868,622,0,225
2,4,2,22,1142,78,1,300
3,4,5,27,546,230,0,317
4,3,4,27,1395,56,0,55
5,5,2,28,1884,618,0,338
6,4,5,1,2359,478,2,276
7,3,2,11,396,203,1,115
8,0,0,12,698,51,1,34
9,0,0,26,969,973,2,180
10,5,6,5,2908,485,2,134
11,4,1,4,1048,184,0,306
12,3,2,15,1270,603,0,350
13,0,2,16,990,642,0,94
14,4,5,29,1273,682,0,248
15,0,0,29,2192,577,0,14
16,3,3,23,2461,254,2,28
17,2,1,23,1871,634,2,19
18,0,5,15,1150,19,0,86
19,0,3,28,279,345,0,361
20,3,5,1,2098,447,2,92
21,5,5,21,464,485,0,190
22,3,0,10,2463,135,0,308
23,5,3,2,2018,297,2,129
24,3,1,11,1155,88,1,90
25,1,2,29,1040,44,0,178
26,5,6,4,899,504,0,326
27,5,1,13,265,395,0,348
28,0,6,9,343,31,1,189
29,2,4,4,831,77,0,104
30,1,5,22,1474,239,1,57
31,4,3,4,2684,512,0,170
32,1,0,0,169,846,2,214
33,4,1,21,1309,670,0,31
34,5,6,26,1709,272,2,5
35,0,3,18,552,140,1,254
36,5,2,3,4219,667,2,33
37,0,5,23,4447,318,2,346
38,1,0,22,1107,271,1,245
39,2,2,6,4252,895,2,260
40,1,3,16,356,38,0,356
41,5,0,28,2607,577,0,283
42,4,5,27,1016,655,0,116
43,1,3,7,1081,230,1,256
44,2,4,8,363,680,2,326
45,4,5,3,813,694,2,288
46,1,2,25,1394,209,1,213
47,3,4,8,2807,797,2,293
48,4,5,9,1235,151,1,340
49,4,4,16,1161,325,0,197
50,3,6,2,3453,311,2,361
51,4,0,17,1190,156,1,86
52,0,5,6,1433,413,2,323
53,2,5,17,1291,231,1,57
54,0,6,6,763,646,2,363
55,3,2,29,2544,40,0,205
56,4,3,24,3753,86,2,70
57,0,5,23,4218,993,2,275
58,5,6,2,291,873,2,316
59,2,2,24,649,943,2,210
60,1,3,7,824,155,1,360
61,2,6,0,583,385,2,294
62,3,0,11,870,112,1,67
63,2,1,28,781,470,0,77
64,0,2,26,2632,800,2,88
65,2,4,0,4302,853,2,237
66,0,2,4,2311,125,0,207
67,2,3,4,1510,250,0,74
68,4,0,27,1772,557,0,181
69,4,4,27,901,176,0,23
70,0,0,9,700,292,1,254
71,1,5,20,102,15,1,285
72,0,5,9,390,253,1,199
73,1,2,14,2284,268,0,363
74,1,2,11,372,277,1,80
75,1,4,10,2691,677,0,270
76,4,6,10,530,277,0,305
77,5,2,18,1028,96,1,8
78,5,6,0,757,355,2,260
79,2,0,18,280,158,1,251
80,1,5,14,1421,662,0,294
81,0,5,24,2536,235,2,222
82,0,4,10,1417,239,0,341
83,4,5,7,1093,225,1,267
84,2,2,24,3213,939,2,166
85,5,2,7,830,112,1,341
86,3,4,2,3208,661,2,331
87,4,1,25,727,227,1,352
88,5,2,19,1067,37,1,45
89,1,1,28,2045,456,0,329
90,3,3,14,718,32,0,250
91,4,3,19,339,94,1,257
92,5,3,23,3003,892,2,124
93,0,4,5,2327,68,2,196
94,5,4,11,775,250,1,218
95,3,4,1,4081,116,2,226
96,4,2,4,2649,355,0,219
97,1,4,25,1456,219,1,127
98,4,6,0,801,156,2,346
99,4,5,2,4334,233,2,13
100,3,6,6,4629,403,2,286
101,2,5,8,1200,860,2,65
102,1,6,15,1317,428,0,82
103,3,0,20,832,106,1,294
104,1,1,8,334,174,2,132
105,2,6,5,946,944,2,218
106,5,2,15,2001,37,0,246
107,1,4,29,2102,315,0,356
108,4,0,6,3430,670,2,261
109,4,6,18,113,197,1,308
110,4,0,6,797,804,2,249
111,0,2,16,755,255,0,122
112,4,5,11,429,135,1,169
113,5,4,16,2373,25,0,112
114,1,2,10,682,500,0,88
115,4,6,10,2120,128,0,238
116,4,3,7,1316,10,1,120
117,5,1,15,2464,93,0,227
118,0,3,24,4815,703,2,88
119,1,2,8,2826,311,2,26
120,4,0,15,1975,302,0,67
121,3,1,22,456,250,1,196
122,5,1,9,764,169,1,62
123,1,5,9,170,109,1,134
124,4,1,4,1182,663,0,346
125,2,5,18,1346,148,1,308
126,4,1,16,1374,364,0,195
127,0,2,16,2523,554,0,71
128,3,1,28,1691,44,0,357
129,0,2,22,465,87,1,62
130,0,2,16,2852,572,0,155
131,2,1,23,2388,541,2,71
132,1,4,22,379,149,1,323
133,1,3,18,447,229,1,234
134,1,1,25,158,70,1,325
135,3,1,19,1272,41,1,119
136,2,1,13,1140,594,0,275
137,3,1,18,255,188,1,350
138,1,1,22,847,201,1,193
139,4,1,23,741,916,2,310
140,4,6,27,346,28,0,134
141,1,0,28,665,496,0,241
142,2,5,3,757,259,2,33
143,4,1,2,4786,402,2,138
144,1,6,20,1355,17,1,238
145,1,4,4,1155,415,0,343
146,3,2,21,395,127,0,214
147,0,3,23,3193,492,2,137
148,1,3,2,2919,143,2,149
149,4,6,21,1450,443,0,94
150,0,4,0,943,882,2,41
151,3,3,26,401,502,2,10
152,2,6,9,342,143,1,331
153,4,6,22,601,281,1,196
154,1,0,25,725,244,1,179
155,1,0,9,296,74,1,222
156,0,0,27,1955,362,0,315
157,4,6,5,515,267,2,3
158,5,1,7,122,251,1,290
159,3,3,19,691,70,1,45
160,0,2,16,1832,375,0,82
161,1,3,14,268,406,0,202
162,3,3,19,955,269,1,111
163,1,1,16,2509,662,0,194
164,0,6,23,668,984,2,64
165,3,5,0,518,407,2,346
166,1,3,24,499,206,2,84
167,4,2,12,735,141,1,12
168,0,6,1,4605,88,2,121
169,5,2,15,1617,129,0,153
170,3,6,23,4277,852,2,1
171,3,0,9,1021,176,1,3
172,3,2,28,2189,458,0,132
173,2,5,1,3700,310,2,45
174,0,6,22,1005,197,1,8
175,0,5,2,1581,301,2,157
176,5,0,7,1311,7,1,352
177,1,2,22,631,201,1,38
178,1,2,24,2726,340,2,12
179,1,5,7,1089,184,1,207
180,0,2,27,1991,498,0,283
181,0,5,2,4935,505,2,205
182,4,3,10,680,528,0,21
183,1,4,24,4534,471,2,356
184,1,5,1,4675,852,2,237
185,5,6,23,1665,835,2,226
186,1,5,11,593,172,1,63
187,4,1,23,1879,595,2,335
188,4,4,17,147,257,1,256
189,3,0,0,4857,845,2,181
190,2,1,23,3267,167,2,317
191,0,0,19,233,236,1,349
192,5,5,16,1024,516,0,255
193,4,6,7,1112,30,1,86
194,2,5,26,2893,462,2,13
195,1,3,9,772,136,1,66
196,4,4,29,1442,358,0,163
197,0,5,15,597,284,0,159
198,4,1,22,1389,33,1,41
199,5,5,6,1369,868,2,92
200,0,2,15,2330,53,0,245
201,4,4,18,450,95,1,240
202,3,6,20,79,86,1,234
203,5,4,17,707,264,1,32
204,3,4,12,289,81,1,350
205,3,4,16,1418,579,0,123
206,3,2,0,2936,997,2,253
207,0,2,9,1017,261,1,24
208,2,2,5,953,968,2,326
209,3,4,13,443,563,0,19
210,1,3,26,350,992,2,291
211,1,5,21,341,476,0,64
212,3,5,3,4589,724,2,167
213,0,4,2,4885,972,2,305
214,1,2,26,4485,529,2,179
215,5,0,12,633,119,1,274
216,2,4,3,3540,894,2,327
217,0,3,29,1837,504,0,23
218,5,0,29,2301,244,0,343
219,1,2,15,2966,520,0,58
220,0,5,17,852,162,1,335
221,3,0,27,923,537,0,328
222,0,5,12,451,198,1,141
223,1,5,7,450,176,1,334
224,5,6,3,311,216,2,132
225,1,2,16,1176,635,0,132
226,3,1,0,218,383,2,222
227,0,0,11,1483,102,1,136
228,3,0,12,1367,75,1,336
229,4,1,17,126,9,1,206
230,1,0,15,2932,638,0,160
231,3,5,18,201,208,1,359
232,2,0,6,2469,471,2,365
233,2,1,29,1408,112,0,62
234,4,2,13,1094,445,0,278
235,3,6,16,1276,143,0,86
236,2,0,0,2804,393,2,337
237,0,0,22,1013,52,1,352
238,4,2,12,1328,185,1,347
239,1,1,26,3908,854,2,191
240,5,5,29,2634,553,0,91
241,5,3,15,2052,388,0,294
242,5,6,26,4225,112,2,298
243,2,5,8,3493,526,2,292
244,3,0,7,255,118,1,147
245,5,1,25,954,95,1,150
246,0,3,2,4273,354,2,109
247,2,4,19,570,70,1,233
248,2,0,9,113,24,1,72
249,4,1,28,1518,291,0,214
250,2,2,17,1069,92,1,155
251,4,3,27,546,347,0,334
252,3,4,10,2126,61,0,329
253,3,6,29,1985,100,0,64
254,0,0,4,960,36,0,156
255,0,1,1,777,504,2,104
256,4,0,16,2286,619,0,180
257,3,4,11,500,95,1,293
258,4,5,27,2397,140,0,31
259,3,5,12,1034,298,1,362
260,5,6,20,209,37,1,219
261,4,6,15,2838,61,0,255
262,5,4,17,1192,97,1,92
263,4,0,23,1652,116,2,120
264,2,2,18,115,129,1,173
265,4,6,28,2178,636,0,147
266,5,2,23,992,817,2,332
267,3,4,7,1446,239,1,64
268,2,5,29,2098,603,0,202
269,4,0,0,1043,287,2,188
270,3,3,10,2299,174,0,126
271,1,3,4,924,89,0,88
272,3,6,14,2663,651,0,234
273,5,4,4,1692,543,0,155
274,0,4,24,3580,983,2,63
275,2,1,1,2887,149,2,341
276,5,5,21,2257,209,0,175
277,5,6,22,710,16,1,325
278,3,3,2,3542,708,2,232
279,2,4,22,597,65,1,325
280,1,2,12,1215,283,1,45
281,1,0,20,782,88,1,163
282,1,1,1,878,537,2,10
283,1,6,12,806,265,1,345
284,3,4,0,879,736,2,101
285,4,1,2,1049,491,2,112
286,3,3,26,175,823,2,18
287,1,6,27,930,357,0,172
288,4,5,5,3671,418,2,135
289,0,6,8,3924,201,2,186
290,4,5,7,1038,139,1,56
291,4,6,8,1333,78,2,82
292,3,4,20,27,53,1,202
293,5,2,21,1147,678,0,33
294,5,3,5,1583,440,2,50
295,3,1,23,4847,83,2,134
296,1,1,4,880,24,0,33
297,0,0,6,2659,420,2,337
298,2,0,13,1119,234,0,295
299,1,2,4,1970,288,0,91
300,3,2,10,1052,60,0,320
301,5,6,23,3114,355,2,323
302,0,5,23,1283,855,2,59
303,2,5,7,418,203,1,249
304,3,6,18,1309,193,1,338
305,3,5,29,230,513,0,158
306,3,0,20,571,163,1,317
307,4,1,6,2572,871,2,194
308,1,1,2,3236,469,2,334
309,4,4,16,1970,375,0,45
310,5,5,4,1104,246,0,147
311,1,2,10,315,538,0,67
312,4,4,27,1082,276,0,150
313,5,5,23,4559,255,2,305
314,1,1,14,2430,405,0,190
315,4,3,2,1033,559,2,280
316,4,2,29,1077,77,0,85
317,4,0,1,3300,96,2,26
318,4,0,0,2260,595,2,166
319,0,3,23,2538,288,2,79
320,4,3,21,2374,139,0,318
321,4,3,20,1459,156,1,186
322,0,3,14,1702,213,0,207
323,2,5,14,333,196,0,119
324,0,4,5,3661,218,2,115
325,5,4,20,1367,76,1,313
326,0,0,29,1859,116,0,50
327,3,5,8,2549,495,2,350
328,3,6,16,245,515,0,217
329,3,6,18,1412,134,1,252
330,4,0,11,1266,284,1,362
331,4,1,25,1174,110,1,178
332,1,6,20,1464,202,1,320
333,3,6,29,2460,165,0,44
334,0,5,20,844,118,1,76
335,4,3,2,1106,270,2,194
336,4,0,26,4597,177,2,228
337,4,4,3,1212,846,2,22
338,1,1,26,4691,69,2,3
339,3,5,3,4536,359,2,303
340,3,5,8,4187,649,2,161
341,5,1,10,1438,347,0,179
342,5,4,25,288,236,1,211
343,4,5,3,568,631,2,2
344,4,3,17,557,143,1,310
345,3,1,24,4921,329,2,239
346,1,3,12,1474,160,1,25
347,4,3,10,2164,445,0,280
348,0,1,9,1297,214,1,127
349,0,1,9,1485,258,1,199
350,4,2,14,2085,419,0,31
351,1,5,21,2912,111,0,136
352,4,3,14,1067,525,0,296
353,4,6,23,454,214,2,122
354,0,0,26,628,576,2,18
355,1,5,7,1435,271,1,65
356,2,1,18,974,32,1,9
357,1,0,18,899,219,1,89
358,2,6,8,1962,668,2,302
359,4,2,11,825,159,1,13
360,2,2,13,703,98,0,338
361,1,1,17,1202,69,1,123
362,0,6,24,2543,77,2,238
363,1,2,11,275,136,1,92
364,5,1,10,2495,61,0,171
365,1,2,17,1160,99,1,255
366,1,1,15,1256,403,0,263
367,3,6,0,311,728,2,133
368,3,4,27,1420,188,0,61
369,5,0,18,562,37,1,112
370,4,2,16,388,117,0,303
371,0,5,1,1848,825,2,103
372,5,5,18,1245,266,1,294
373,4,6,6,2325,434,2,259
374,3,0,21,2559,422,0,210
375,3,5,10,2627,598,0,172
376,4,5,24,4612,403,2,239
377,3,3,27,656,558,0,51
378,1,1,24,4002,834,2,191
379,2,1,18,485,84,1,111
380,5,3,0,4762,608,2,90
381,2,5,21,2864,178,0,177
382,3,2,16,1745,281,0,149
383,1,0,10,895,192,0,3
384,3,1,14,1401,462,0,84
385,2,6,1,3532,62,2,261
386,0,4,14,341,225,0,351
387,0,5,25,193,286,1,252
388,1,1,16,1172,329,0,135
389,2,6,11,1223,45,1,294
390,4,0,14,1523,655,0,188
391,2,5,10,242,602,0,147
392,3,0,16,984,535,0,250
393,2,6,18,790,77,1,316
394,1,6,19,1305,115,1,321
395,3,3,18,357,132,1,65
396,5,3,24,2767,72,2,267
397,0,2,26,1952,653,2,358
398,1,6,8,2747,509,2,208
399,0,4,10,625,558,0,136
400,1,5,8,1567,474,2,149
401,0,1,19,501,39,1,68
402,0,6,1,960,55,2,218
403,5,2,18,1219,160,1,302
404,4,4,17,1231,229,1,2
405,1,4,11,883,138,1,248
406,2,0,13,1215,412,0,173
407,4,5,26,3602,344,2,155
408,5,0,7,417,59,1,258
409,0,5,2,3494,141,2,305
410,4,2,17,499,99,1,195
411,0,4,1,4463,569,2,110
412,1,2,24,4047,220,2,157
413,3,5,7,930,82,1,115
414,1,1,6,4487,660,2,99
415,3,0,11,18,103,1,94
416,2,4,22,842,29,1,189
417,1,3,13,758,43,0,111
418,1,1,20,1460,134,1,64
419,2,6,11,962,260,1,332
420,4,4,9,785,28,1,166
421,0,6,12,1350,57,1,19
422,3,3,7,363,99,1,333
423,5,3,12,970,187,1,312
424,4,3,26,4952,715,2,250
425,4,1,20,412,183,1,314
426,2,6,4,2471,563,0,171
427,2,0,1,3596,544,2,357
428,0,1,7,458,218,1,216
429,4,0,4,1947,100,0,292
430,1,4,3,4451,812,2,278
431,4,0,1,3073,533,2,138
432,0,5,13,2798,159,0,344
433,5,4,13,1420,80,0,207
434,1,4,24,387,734,2,78
435,4,3,16,144,400,0,152
436,0,1,11,1235,96,1,331
437,1,2,11,1147,186,1,2
438,5,2,22,131,204,1,324
439,2,6,22,1487,78,1,297
440,0,3,7,1104,224,1,217
441,1,3,4,1486,67,0,35
442,1,6,17,467,49,1,263
443,2,0,21,2922,188,0,100
444,3,0,3,4058,323,2,361
445,1,6,12,795,92,1,233
446,4,1,28,2199,82,0,176
447,5,6,13,2134,644,0,108
448,5,5,0,1345,183,2,128
449,5,6,20,755,119,1,312
450,3,0,10,954,689,0,63
451,0,5,22,920,162,1,214
452,0,0,10,1612,592,0,2
453,5,3,2,3797,701,2,84
454,1,3,17,756,179,1,152
455,2,2,24,4003,169,2,292
456,5,2,19,1248,283,1,212
457,3,4,21,977,420,0,239
458,2,1,4,1739,488,0,86
459,3,6,9,993,250,1,299
460,5,5,12,60,84,1,131
461,3,0,6,3226,887,2,266
462,1,5,28,2711,193,0,265
463,0,6,20,1372,193,1,28
464,5,6,11,1226,278,1,344
465,0,1,2,295,499,2,238
466,2,5,22,1020,271,1,60
467,0,3,1,238,705,2,6
468,5,2,25,233,248,1,257
469,4,5,26,2010,816,2,325
470,5,0,1,2892,610,2,302
471,2,2,27,207,632,0,27
472,4,1,29,618,66,0,143
473,0,4,20,1048,181,1,263
474,2,3,17,672,280,1,58
475,3,0,9,46,70,1,118
476,5,4,11,756,65,1,201
477,2,4,7,1461,245,1,86
478,1,6,23,228,714,2,291
479,0,0,9,375,299,1,362
480,2,5,12,803,178,1,130
481,5,4,4,2306,334,0,231
482,0,3,10,2843,537,0,161
483,0,2,25,1357,67,1,284
484,3,0,10,1614,237,0,3
485,5,6,22,1109,283,1,47
486,4,4,14,777,322,0,352
487,5,3,29,486,624,0,156
488,2,2,29,1089,29,0,332
489,4,6,5,773,412,2,102
490,5,4,2,3923,195,2,301
491,2,1,21,1274,301,0,1
492,0,3,5,946,996,2,98
493,0,1,19,1383,173,1,282
494,4,2,13,731,146,0,71
495,5,5,18,441,278,1,6
496,3,5,11,1158,264,1,302
497,4,4,0,4276,862,2,173
498,4,5,4,999,190,0,78
499,2,2,23,1247,709,2,195
500,5,0,0,4142,939,2,324
501,1,6,16,2332,161,0,217
502,2,6,13,2855,438,0,212
503,3,5,5,2775,129,2,69
504,2,3,28,2749,260,0,232
505,4,0,16,1056,191,0,49
506,3,4,19,637,234,1,70
507,5,6,16,2353,63,0,78
508,3,3,27,2827,225,0,158
509,5,0,18,434,85,1,255
510,4,0,4,40,47,0,99
511,4,2,4,1986,332,0,98
512,2,1,16,615,122,0,114
513,4,2,17,687,61,1,124
514,1,4,29,67,645,0,96
515,1,6,9,982,148,1,70
516,5,6,12,692,122,1,63
517,1,1,29,731,10,0,342
518,2,2,19,1115,65,1,309
519,3,3,1,3429,343,2,206
520,3,6,21,792,637,0,126
521,4,4,20,387,246,1,218
522,2,3,12,859,90,1,59
523,2,0,22,499,108,1,225
524,5,4,25,464,66,1,212
525,5,4,22,500,114,1,75
526,3,4,23,3794,359,2,223
527,3,2,22,33,252,1,214
528,4,1,19,1131,85,1,209
529,2,5,7,1175,58,1,305
530,0,0,22,766,212,1,20
531,2,5,9,119,190,1,204
532,4,4,8,3033,335,2,53
533,2,2,14,661,319,0,176
534,0,3,18,297,150,1,157
535,5,6,21,380,362,0,107
536,3,4,7,1431,185,1,362
537,4,5,29,2440,459,0,306
538,5,2,15,1187,582,0,15
539,2,6,27,495,54,0,310
540,0,0,21,894,511,0,53
541,1,0,1,1580,153,2,60
542,4,6,8,4931,411,2,134
543,1,1,12,157,146,1,294
544,1,3,15,857,174,0,65
545,4,5,1,4573,360,2,106
546,3,2,0,1692,696,2,33
547,2,2,11,428,251,1,281
548,4,2,16,1519,363,0,151
549,5,0,17,407,88,1,107
550,1,3,24,4373,121,2,15
551,0,3,10,2490,564,0,351
552,4,4,0,1865,607,2,30
553,4,6,14,1188,159,0,94
554,5,3,17,562,213,1,155
555,1,3,14,1874,591,0,253
556,0,2,18,1444,161,1,347
557,5,2,13,1907,660,0,294
558,4,0,3,4486,421,2,227
559,0,3,19,1296,75,1,214
560,4,6,8,4672,430,2,29
561,4,6,4,463,217,0,153
562,5,2,20,1124,260,1,148
563,2,0,1,170,261,2,42
564,2,0,23,213,243,2,311
565,3,0,3,759,889,2,277
566,5,6,3,3940,643,2,342
567,2,4,20,328,225,1,224
568,4,3,4,150,277,0,133
569,2,4,4,2295,580,0,240
570,1,4,3,3156,385,2,110
571,0,2,20,739,222,1,26
572,0,6,3,1067,980,2,345
573,2,4,5,2034,964,2,253
574,0,5,6,4256,366,2,224
575,2,1,16,657,506,0,272
576,5,4,27,1166,235,0,319
577,5,0,0,4537,134,2,87
578,5,4,5,4568,739,2,206
579,0,6,28,2896,615,0,59
580,5,5,20,1339,162,1,349
581,0,2,20,566,14,1,139
582,3,2,27,1620,456,0,200
583,3,1,17,340,98,1,263
584,5,4,20,1392,280,1,208
585,0,5,25,1126,86,1,148
586,5,3,10,374,266,0,116
587,1,0,2,3195,913,2,320
588,4,4,5,4495,233,2,264
589,4,3,11,278,239,1,316
590,4,6,3,4695,726,2,33
591,0,4,7,592,233,1,83
592,1,2,20,293,228,1,11
593,0,2,22,468,38,1,353
594,4,6,5,3918,354,2,214
595,0,4,5,4885,642,2,195
596,2,1,0,3490,345,2,334
597,0,4,27,393,166,0,38
598,0,0,13,1220,159,0,116
599,1,3,29,1836,150,0,11
600,1,4,28,2001,54,0,195
601,3,3,11,1265,119,1,66
602,1,0,12,765,157,1,293
603,3,5,18,920,43,1,164
604,2,6,2,239,297,2,40
605,1,4,13,466,668,0,145
606,5,4,10,792,655,0,197
607,1,5,1,2410,374,2,322
608,3,4,10,2068,567,0,153
609,1,1,22,1106,154,1,1
610,4,3,24,4913,628,2,160
611,0,4,15,2683,671,0,347
612,5,4,25,1436,231,1,343
613,0,0,25,584,279,1,304
614,2,2,23,858,428,2,179
615,0,3,24,2051,141,2,59
616,2,4,2,956,779,2,142
617,5,2,12,978,282,1,304
618,4,6,9,1233,94,1,210
619,1,0,29,2380,236,0,202
620,2,5,18,198,264,1,129
621,4,0,14,2617,694,0,162
622,4,5,10,2392,426,0,119
623,0,6,10,2591,303,0,166
624,2,5,6,2067,987,2,138
625,0,5,1,3554,827,2,179
626,1,0,5,2661,465,2,199
627,2,6,0,4005,972,2,365
628,2,0,6,3296,697,2,118
629,3,5,8,782,873,2,120
630,2,2,18,805,95,1,154
631,4,0,3,860,330,2,60
632,4,1,9,918,16,1,235
633,1,2,8,1311,342,2,132
634,0,1,2,517,440,2,136
635,5,3,24,322,438,2,187
636,3,4,13,817,344,0,240
637,3,3,13,2451,35,0,347
638,0,4,14,992,234,0,109
639,1,0,1,3416,455,2,50
640,3,0,19,1460,60,1,73
641,0,6,28,2755,49,0,226
642,1,6,28,2888,203,0,2
643,0,5,24,3638,410,2,28
644,3,6,21,2043,485,0,222
645,3,6,25,1030,180,1,9
646,3,2,15,1943,222,0,33
647,3,6,1,1041,135,2,84
648,0,3,7,182,220,1,229
649,5,4,25,1385,77,1,188
650,3,3,3,3189,835,2,44
651,4,4,29,729,639,0,252
652,3,2,5,3708,738,2,172
653,4,4,14,1758,368,0,132
654,0,4,8,865,299,2,50
655,0,4,0,1879,326,2,0
656,4,2,24,3751,96,2,182
657,5,6,0,3048,691,2,284
658,2,6,12,76,149,1,26
659,3,3,26,3373,89,2,106
660,3,1,4,2550,202,0,232
661,4,4,19,1400,194,1,205
662,3,6,29,1369,214,0,186
663,0,4,16,2334,675,0,292
664,2,0,15,1836,396,0,23
665,3,2,26,3237,618,2,129
666,4,3,25,1331,202,1,216
667,2,1,21,1539,680,0,273
668,2,2,29,2440,469,0,322
669,3,4,0,3605,656,2,292
670,4,6,9,463,249,1,172
671,1,1,22,53,37,1,54
672,0,4,0,3866,559,2,86
673,5,4,22,1215,40,1,178
674,1,0,29,486,179,0,316
675,5,0,8,3067,744,2,6
676,2,2,3,2019,496,2,277
677,1,4,12,1478,169,1,267
678,3,1,3,4920,406,2,23
679,1,6,8,4620,943,2,148
680,3,3,27,1279,469,0,77
681,1,0,9,754,183,1,74
682,4,4,2,2878,697,2,121
683,1,1,20,929,117,1,71
684,0,1,15,2282,572,0,329
685,3,2,14,1553,672,0,296
686,5,1,8,1594,211,2,88
687,3,1,1,1831,796,2,40
688,2,4,13,2613,286,0,334
689,0,3,17,1031,45,1,248
690,2,5,19,1246,256,1,344
691,4,2,10,79,330,0,2
692,5,2,14,1883,393,0,281
693,0,1,9,581,258,1,267
694,2,6,29,1724,242,0,342
695,4,0,11,1244,201,1,54
696,1,1,19,199,261,1,41
697,5,5,7,239,89,1,229
698,1,0,20,426,204,1,1
699,0,1,26,1291,523,2,183
700,2,0,26,1653,802,2,21
701,1,0,9,334,141,1,179
702,4,0,6,2602,553,2,284
703,4,2,24,1706,619,2,210
704,3,3,25,139,280,1,206
705,5,3,13,1622,193,0,261
706,0,1,14,264,306,0,263
707,1,4,1,2979,882,2,34
708,1,2,8,1073,659,2,28
709,5,4,22,853,80,1,61
710,3,1,7,1034,177,1,14
711,1,1,2,4529,133,2,122
712,1,5,1,2089,245,2,201
713,0,5,17,1274,204,1,23
714,2,0,29,1892,221,0,224
715,4,5,28,1934,254,0,171
716,1,3,15,826,274,0,50
717,2,2,8,1592,308,2,51
718,2,0,5,2343,432,2,99
719,1,3,21,2752,30,0,179
720,3,1,11,1334,281,1,251
721,2,5,20,1001,26,1,184
722,5,5,1,4821,473,2,35
723,3,5,10,1143,115,0,170
724,4,5,8,1503,584,2,153
725,4,6,6,3875,252,2,78
726,3,4,21,2134,441,0,45
727,5,6,6,370,384,2,188
728,2,3,19,127,73,1,18
729,1,5,11,414,242,1,252
730,3,3,9,867,187,1,212
731,4,0,25,145,50,1,86
732,4,1,21,480,502,0,158
733,3,3,6,4840,441,2,311
734,1,1,26,1449,624,2,76
735,3,3,29,2661,94,0,175
736,2,4,16,1428,86,0,353
737,2,6,14,2340,367,0,288
738,2,3,20,387,195,1,61
739,5,6,8,4448,626,2,270
740,1,0,6,3009,97,2,286
741,1,1,18,396,144,1,171
742,1,5,2,3676,862,2,341
743,3,4,14,933,211,0,210
744,4,3,22,1121,39,1,86
745,1,1,19,822,239,1,205
746,4,3,7,289,244,1,71
747,5,0,27,1981,370,0,153
748,3,2,5,629,668,2,108
749,4,5,7,852,201,1,115
750,2,0,13,2355,695,0,109
751,4,5,27,870,148,0,33
752,0,1,24,656,538,2,248
753,4,3,12,247,206,1,55
754,4,5,2,1448,273,2,355
755,2,0,9,461,72,1,252
756,5,1,25,1186,243,1,7
757,3,3,6,1795,276,2,25
758,1,1,1,2160,356,2,51
759,0,3,22,1207,157,1,257
760,5,4,12,95,106,1,56
761,5,3,21,1398,154,0,202
762,2,4,22,367,95,1,353
763,1,3,28,1115,334,0,66
764,2,6,20,290,199,1,202
765,1,1,4,1503,210,0,343
766,5,3,26,3049,187,2,241
767,1,4,1,4084,669,2,243
768,0,5,3,720,506,2,32
769,4,0,18,144,35,1,286
770,5,4,20,1498,161,1,55
771,1,1,25,1339,88,1,295
772,3,0,25,1381,37,1,93
773,3,4,16,814,344,0,292
774,1,0,27,1336,534,0,27
775,4,2,3,3077,571,2,112
776,3,1,5,410,882,2,114
777,0,5,13,813,325,0,207
778,3,1,1,4933,285,2,216
779,5,2,24,445,222,2,152
780,3,1,8,228,625,2,16
781,5,4,22,1159,126,1,16
782,3,6,15,1780,78,0,299
783,1,3,26,133,319,2,277
784,5,4,9,464,49,1,286
785,3,1,18,735,29,1,270
786,3,2,23,4827,352,2,219
787,4,4,26,736,483,2,254
788,3,1,25,1391,130,1,261
789,4,1,3,3514,145,2,262
790,1,6,0,2669,294,2,90
791,4,0,6,3737,75,2,251
792,4,2,6,119,519,2,255
793,1,4,26,2219,74,2,173
794,4,4,29,1512,535,0,139
795,5,4,16,2619,409,0,103
796,0,4,10,2220,215,0,246
797,5,6,5,1365,735,2,206
798,3,2,13,1482,484,0,179
799,1,0,22,1051,255,1,100
800,3,3,3,4156,417,2,218
801,0,5,15,2929,624,0,111
802,0,1,19,1374,281,1,17
803,4,5,27,2871,506,0,329
804,2,5,8,1001,814,2,102
805,0,2,1,2826,810,2,155
806,0,5,7,454,72,1,142
807,5,6,8,642,499,2,281
808,1,4,18,608,13,1,263
809,5,3,0,3523,712,2,10
810,1,0,24,362,134,2,334
811,0,4,19,266,135,1,133
812,4,2,29,2761,547,0,61
813,3,5,21,1839,40,0,119
814,5,4,7,257,132,1,216
815,4,0,27,714,133,0,304
816,2,3,7,879,227,1,286
817,0,5,6,3103,72,2,176
818,3,6,13,2118,411,0,1
819,2,2,16,595,631,0,280
820,0,1,18,240,14,1,216
821,4,5,28,454,365,0,72
822,2,4,28,46,341,0,250
823,0,6,17,80,85,1,20
824,0,5,5,3111,508,2,250
825,0,6,20,1094,86,1,317
826,5,5,24,2082,622,2,234
827,3,2,15,1016,181,0,245
828,3,4,3,3896,728,2,251
829,2,3,12,232,130,1,83
830,1,4,4,2419,20,0,342
831,0,2,4,2263,673,0,219
832,5,2,18,964,233,1,282
833,2,6,27,535,472,0,176
834,0,1,26,259,272,2,330
835,1,6,21,821,146,0,102
836,1,6,17,1466,207,1,115
837,0,0,13,2839,287,0,161
838,1,6,5,593,120,2,232
839,5,2,5,3468,699,2,221
840,4,1,0,2533,290,2,124
841,3,5,26,1288,136,2,202
842,4,5,21,206,479,0,11
843,1,6,21,2333,213,0,193
844,0,4,13,2676,78,0,256
845,2,4,16,1910,121,0,344
846,2,4,12,1076,289,1,30
847,1,2,1,2878,83,2,199
848,0,5,22,268,268,1,148
849,5,4,1,3569,58,2,51
850,5,6,9,1116,27,1,305
851,0,4,29,1252,273,0,286
852,5,4,13,999,90,0,224
853,1,3,14,383,391,0,269
854,4,4,21,868,125,0,358
855,0,5,17,1112,180,1,15
856,2,3,1,2107,976,2,13
857,4,2,23,210,427,2,212
858,2,0,0,3679,818,2,70
859,2,2,28,1571,648,0,77
860,1,2,1,1420,340,2,261
861,1,4,8,4339,168,2,358
862,0,6,5,2773,630,2,272
863,2,4,10,876,536,0,360
864,1,6,27,1528,542,0,357
865,3,2,10,1595,207,0,362
866,4,2,3,3149,357,2,136
867,1,1,0,4271,141,2,111
868,2,3,21,2491,681,0,159
869,3,3,9,1121,74,1,232
870,3,2,8,2099,836,2,164
871,4,6,20,1252,22,1,58
872,5,0,19,740,277,1,13
873,5,3,0,3741,671,2,282
874,2,0,20,758,220,1,355
875,3,0,22,588,57,1,261
876,3,6,27,1210,508,0,361
877,3,2,5,3513,700,2,74
878,3,1,2,853,848,2,167
879,5,0,5,3440,487,2,228
880,5,6,3,4067,771,2,67
881,2,6,10,449,635,0,7
882,1,1,15,1718,258,0,62
883,3,5,2,870,606,2,59
884,5,1,2,3570,291,2,247
885,2,5,23,1347,380,2,114
886,4,2,11,1452,284,1,56
887,0,5,20,763,46,1,201
888,5,0,12,320,81,1,228
889,5,5,5,292,386,2,315
890,1,3,23,484,136,2,198
891,4,4,16,1284,221,0,166
892,4,0,13,84,423,0,242
893,2,1,4,1910,186,0,120
894,0,3,6,2595,869,2,346
895,1,2,5,1924,689,2,162
896,1,2,21,1685,378,0,241
897,2,5,18,1278,119,1,105
898,0,6,1,2110,371,2,103
899,4,4,14,1961,288,0,84
900,5,6,23,3614,167,2,328
901,4,2,4,408,685,0,215
902,4,1,8,1696,331,2,4
903,3,5,8,658,914,2,207
904,4,5,17,85,165,1,157
905,5,2,25,1101,49,1,121
906,4,4,16,2723,477,0,145
907,1,2,23,1444,533,2,169
908,4,3,9,476,241,1,258
909,0,1,3,2355,952,2,303
910,1,3,20,175,191,1,330
911,5,4,15,968,242,0,247
912,0,1,10,1163,211,0,98
913,1,1,8,4690,811,2,61
914,4,4,22,487,291,1,255
915,2,4,13,601,100,0,46
916,0,1,28,2526,671,0,32
917,0,3,16,2868,199,0,36
918,3,3,26,728,94,2,354
919,1,5,3,1380,355,2,263
920,2,3,25,970,198,1,330
921,1,3,8,928,493,2,250
922,1,6,5,3792,223,2,292
923,5,1,20,1125,222,1,336
924,4,0,9,1130,55,1,230
925,5,1,13,289,158,0,144
926,4,6,22,536,37,1,150
927,0,3,29,2379,83,0,34
928,4,6,16,2463,434,0,333
929,4,1,16,46,320,0,198
930,3,1,21,2176,80,0,248
931,4,2,28,859,587,0,180
932,1,3,24,3833,870,2,308
933,3,4,26,2344,394,2,74
934,3,2,7,651,44,1,182
935,4,1,5,4705,352,2,327
936,2,4,10,1220,382,0,239
937,5,5,24,4668,932,2,334
938,4,3,16,914,301,0,121
939,4,5,17,1018,266,1,361
940,5,1,0,4885,633,2,357
941,0,1,8,949,902,2,311
942,2,1,4,2239,477,0,41
943,0,2,5,1362,178,2,317
944,2,0,28,2103,386,0,146
945,5,1,12,1053,246,1,119
946,5,4,20,1065,232,1,350
947,0,6,13,2251,533,0,129
948,5,3,14,586,143,0,318
949,5,0,5,2318,719,2,315
950,4,5,18,931,40,1,350
951,3,6,28,2910,161,0,242
952,0,2,3,1748,396,2,237
953,3,2,23,1796,649,2,107
954,4,6,9,377,142,1,41
955,2,1,17,653,238,1,99
956,2,5,27,2264,69,0,11
957,1,3,15,1551,110,0,35
958,5,4,13,268,284,0,306
959,1,3,10,1554,312,0,79
960,3,2,24,3867,230,2,353
961,4,5,15,2986,162,0,45
962,3,5,21,1946,562,0,192
963,4,6,20,1480,43,1,107
964,1,0,6,453,958,2,13
965,4,6,3,1827,148,2,235
966,1,5,3,350,995,2,264
967,0,5,18,44,184,1,322
968,1,1,24,939,529,2,62
969,5,2,26,4656,191,2,104
970,0,3,21,680,599,0,40
971,5,6,17,953,221,1,285
972,1,2,12,812,186,1,298
973,4,3,28,2201,24,0,342
974,2,3,20,157,118,1,120
975,3,1,14,2699,648,0,103
976,5,2,21,1150,301,0,178
977,3,6,4,1398,494,0,307
978,4,3,7,1472,198,1,313
979,0,4,22,1246,172,1,62
980,4,4,21,2669,45,0,193
981,2,5,11,871,126,1,277
982,4,6,25,395,134,1,306
983,4,0,18,403,17,1,108
984,1,3,25,737,28,1,283
985,5,1,3,436,666,2,55
986,1,5,1,1807,410,2,186
987,1,1,2,1037,386,2,89
988,2,3,10,1642,444,0,89
989,2,1,9,1022,166,1,269
990,1,0,10,199,591,0,102
991,3,4,5,3552,276,2,188
992,2,5,24,3830,292,2,128
993,2,3,29,98,139,0,157
994,2,5,8,4563,450,2,224
995,4,3,2,4609,166,2,14
996,3,6,15,1889,472,0,219
997,2,4,0,3955,435,2,39
998,0,5,19,1241,266,1,341
999,1,6,27,1338,531,0,302
1000,4,2,6,2321,637,2,293
1001,4,2,15,2658,192,0,73
1002,5,1,18,1482,50,1,100
1003,4,1,10,497,205,0,362
1004,0,6,28,1485,374,0,29
1005,1,0,27,1999,97,0,54
1006,4,0,11,822,247,1,68
1007,5,3,11,674,189,1,14
1008,1,5,19,208,22,1,222
1009,4,5,3,458,892,2,38
1010,4,0,17,584,161,1,223
1011,4,1,12,689,298,1,177
1012,4,2,7,394,145,1,355
1013,0,3,11,452,108,1,153
1014,1,0,13,1557,26,0,84
1015,1,3,15,501,699,0,236
1016,4,5,1,768,428,2,139
1017,2,3,29,2381,295,0,312
1018,0,3,22,1063,100,1,200
1019,0,5,1,3642,975,2,167
1020,3,3,13,1437,517,0,351
1021,4,6,1,4011,940,2,222
1022,0,6,15,1441,401,0,71
1023,2,2,24,4950,195,2,49
1024,3,2,26,4212,824,2,147
1025,4,6,12,1431,91,1,336
1026,3,2,1,4757,999,2,274
1027,2,1,29,1047,425,0,161
1028,4,1,28,326,76,0,60
1029,5,3,29,2077,470,0,227
1030,1,0,3,1059,540,2,34
1031,2,0,0,3635,681,2,295
1032,4,1,10,1127,533,0,350
1033,2,0,16,2272,497,0,93
1034,3,5,28,1787,158,0,124
1035,2,2,25,199,218,1,287
1036,0,6,3,3203,942,2,28
1037,5,0,20,909,163,1,323
1038,3,4,10,2180,646,0,265
1039,1,3,7,948,206,1,279
1040,5,1,19,1154,66,1,106
1041,5,3,2,1757,292,2,203
1042,3,5,6,1557,822,2,147
1043,2,3,8,2843,425,2,212
1044,0,0,28,2072,580,0,220
1045,4,6,14,1770,336,0,234
1046,1,6,10,2984,583,0,128
1047,2,5,3,216,751,2,268
1048,4,6,0,4095,529,2,348
1049,2,4,6,1742,307,2,185
1050,3,5,9,381,206,1,189
1051,5,2,26,3855,752,2,30
1052,1,5,27,747,324,0,115
1053,3,1,7,700,254,1,101
1054,0,2,15,2119,149,0,119
1055,3,3,14,838,418,0,132
1056,0,1,11,374,181,1,127
1057,5,0,18,1265,18,1,260
1058,1,5,12,803,199,1,227
1059,5,4,19,243,56,1,263
1060,1,4,14,1149,513,0,364
1061,4,4,27,355,673,0,55
1062,4,6,0,2164,805,2,134
1063,3,0,20,651,36,1,262
1064,3,3,2,1070,793,2,290
1065,3,4,16,432,71,0,40
1066,0,6,24,1201,295,2,155
1067,2,2,25,563,181,1,315
1068,2,5,4,2975,628,0,303
1069,0,0,8,3476,757,2,40
1070,1,3,9,615,272,1,319
1071,0,4,27,2298,613,0,60
1072,5,0,26,2299,129,2,309
1073,1,2,21,2029,468,0,88
1074,2,6,4,1610,654,0,257
1075,1,3,24,2496,280,2,146
1076,5,5,4,187,489,0,94
1077,4,1,11,930,178,1,297
1078,4,2,26,1776,627,2,54
1079,4,5,12,1130,207,1,357
1080,2,5,6,533,326,2,348
1081,4,2,26,1880,228,2,324
1082,3,0,15,2550,389,0,122
1083,2,2,7,672,237,1,182
1084,0,2,28,470,382,0,226
1085,1,6,15,1915,166,0,281
1086,0,3,13,855,501,0,160
1087,4,0,21,2849,491,0,158
1088,3,5,14,1911,413,0,121
1089,3,6,10,2675,423,0,172
1090,1,5,16,1843,341,0,35
1091,1,2,9,249,275,1,57
1092,0,3,20,884,296,1,309
1093,2,3,11,363,292,1,12
1094,4,3,6,2015,723,2,32
1095,0,4,14,434,306,0,237
1096,2,1,21,428,480,0,88
1097,0,2,26,749,554,2,336
1098,4,4,12,287,191,1,261
1099,3,5,2,748,299,2,39
1100,1,2,14,643,107,0,315
1101,5,4,21,2710,416,0,128
1102,5,1,21,1853,27,0,124
1103,0,6,25,866,216,1,44
1104,4,6,22,853,82,1,132
1105,2,5,18,243,235,1,244
1106,2,4,17,1074,111,1,226
1107,5,6,14,1822,493,0,21
1108,1,2,21,2417,544,0,348
1109,4,1,8,1923,747,2,288
1110,0,0,15,1892,253,0,235
1111,0,1,10,1438,346,0,356
1112,5,5,2,1423,560,2,32
1113,0,2,7,683,193,1,333
1114,0,4,18,718,173,1,111
1115,4,6,23,4168,826,2,68
1116,0,2,26,1016,562,2,297
1117,4,3,11,1236,196,1,332
1118,3,0,8,1056,864,2,116
1119,5,2,26,688,795,2,122
1120,0,2,20,163,228,1,300
1121,5,3,12,1375,107,1,269
1122,0,6,3,265,962,2,274
1123,2,2,23,4086,101,2,157
1124,3,1,27,1605,413,0,137
1125,1,4,28,2763,462,0,148
1126,2,1,9,1093,266,1,260
1127,4,4,15,1405,397,0,91
1128,1,1,0,580,815,2,138
1129,4,6,21,49,356,0,267
1130,0,0,4,100,471,0,235
1131,3,4,13,861,513,0,237
1132,0,5,1,1954,788,2,334
1133,4,0,27,454,116,0,112
1134,1,6,7,1264,197,1,256
1135,5,5,0,416,867,2,209
1136,2,5,28,964,395,0,86
1137,1,5,26,844,647,2,188
1138,4,0,24,1303,365,2,227
1139,4,1,28,1947,454,0,145
1140,1,1,28,2808,274,0,16
1141,3,5,22,1220,216,1,322
1142,3,6,23,2928,750,2,153
1143,2,4,28,406,137,0,76
1144,3,5,26,2618,360,2,222
1145,4,4,29,611,448,0,3
1146,1,4,5,2722,834,2,300
1147,5,0,1,3388,950,2,77
1148,3,2,18,60,154,1,163
1149,4,5,23,3870,849,2,97
1150,5,3,10,2113,299,0,105
1151,2,0,18,1154,30,1,290
1152,4,5,27,657,646,0,359
1153,4,5,9,248,27,1,49
1154,5,2,16,1313,659,0,339
1155,0,4,10,944,101,0,113
1156,3,1,26,3067,431,2,316
1157,3,4,12,1308,289,1,215
1158,1,0,25,930,247,1,237
1159,0,0,7,1399,244,1,51
1160,5,2,28,2695,194,0,13
1161,4,0,15,2600,236,0,133
1162,1,3,12,10,66,1,139
1163,3,1,5,3706,858,2,34
1164,5,5,29,1203,271,0,176
1165,4,4,23,3439,662,2,74
1166,1,1,24,1629,145,2,173
1167,2,6,15,283,571,0,6
1168,4,0,13,2997,127,0,282
1169,4,1,7,1446,266,1,360
1170,0,3,8,1752,611,2,109
1171,5,0,25,1208,226,1,35
1172,2,2,1,3511,404,2,126
1173,4,0,21,475,29,0,281
1174,2,6,11,655,72,1,159
1175,4,1,12,633,242,1,318
1176,1,5,20,129,170,1,239
1177,2,3,21,556,575,0,183
1178,5,6,7,470,212,1,195
1179,2,6,12,374,228,1,80
1180,1,6,10,2109,136,0,92
1181,2,3,4,453,690,0,155
1182,2,5,22,647,239,1,169
1183,3,6,28,1110,638,0,156
1184,3,3,16,986,107,0,207
1185,1,5,17,116,227,1,160
1186,5,3,17,1182,89,1,92
1187,2,0,25,944,149,1,199
1188,1,2,1,2563,675,2,133
1189,1,4,18,76,152,1,364
1190,1,3,16,1353,276,0,138
1191,4,2,22,818,231,1,280
1192,5,4,21,2043,653,0,91
1193,2,3,26,4527,223,2,59
1194,3,1,3,291,520,2,2
1195,4,1,16,1314,490,0,336
1196,2,4,21,2861,147,0,363
1197,3,0,25,1240,144,1,127
1198,5,4,4,1206,308,0,282
1199,2,2,26,992,424,2,72
1200,3,1,10,723,165,0,293
1201,0,6,14,2846,53,0,128
1202,0,6,20,1387,260,1,118
1203,1,5,27,818,529,0,341
1204,4,5,1,4692,259,2,333
1205,2,4,3,2821,238,2,55
1206,1,0,26,3194,556,2,282
1207,4,4,14,2761,697,0,329
1208,2,3,0,2619,444,2,231
1209,4,3,12,538,139,1,109
1210,0,0,8,502,933,2,131
1211,0,5,0,3303,450,2,295
1212,0,6,3,2335,485,2,165
1213,3,6,29,122,569,0,318
1214,1,1,19,12,262,1,281
1215,5,3,14,704,361,0,268
1216,5,5,13,974,36,0,26
1217,3,6,8,2565,793,2,207
1218,4,5,24,3688,572,2,281
1219,2,5,9,1488,58,1,249
1220,2,4,16,1136,664,0,174
1221,1,3,15,1206,404,0,220
1222,0,6,24,2170,597,2,190
1223,5,2,22,662,145,1,68
1224,2,5,16,2483,285,0,317
1225,3,2,22,191,138,1,149
1226,2,4,9,1059,46,1,157
1227,0,0,2,4236,571,2,188
1228,2,5,5,3017,258,2,326
1229,5,1,20,1241,261,1,41
1230,1,0,23,1744,563,2,25
1231,0,3,16,2462,688,0,299
1232,4,5,16,738,370,0,208
1233,0,2,27,947,264,0,279
1234,1,5,20,1280,125,1,241
1235,2,5,25,785,166,1,330
1236,2,0,19,380,12,1,272
1237,3,1,0,2615,504,2,249
1238,0,0,20,567,257,1,62
1239,1,6,3,1429,256,2,48
1240,2,1,20,1275,121,1,276
1241,1,1,0,2513,769,2,82
1242,2,0,1,853,277,2,99
1243,4,5,4,781,309,0,247
1244,2,0,21,2257,216,0,228
1245,4,0,6,4329,360,2,6
1246,4,0,3,4422,405,2,65
1247,5,3,29,2746,95,0,108
1248,0,6,2,4628,557,2,78
1249,5,0,7,1384,133,1,30
1250,2,5,0,3740,676,2,234
1251,1,5,15,760,143,0,321
1252,2,6,21,1489,345,0,99
1253,3,5,19,158,217,1,285
1254,2,4,23,3101,972,2,349
1255,4,0,9,827,121,1,199
1256,3,4,3,1301,141,2,221
1257,2,5,16,2457,346,0,87
1258,4,3,11,1105,100,1,92
1259,2,0,22,1326,255,1,64
1260,4,1,6,4227,412,2,90
1261,4,1,23,1484,376,2,100
1262,1,0,14,2295,115,0,17
1263,3,2,10,1941,86,0,345
1264,0,5,17,678,204,1,291
1265,3,2,14,2066,438,0,219
1266,5,1,28,2211,11,0,64
1267,3,3,0,616,919,2,310
1268,1,5,28,1626,636,0,298
1269,3,0,12,1109,145,1,118
1270,2,2,0,2390,261,2,344
1271,3,2,13,2563,633,0,229
1272,3,5,21,2512,448,0,357
1273,2,4,24,4921,160,2,262
1274,5,2,3,4053,65,2,363
1275,3,3,16,2988,418,0,309
1276,5,1,8,4116,264,2,187
1277,2,5,19,442,26,1,29
1278,5,0,20,56,226,1,35
1279,3,5,11,322,187,1,279
1280,1,5,14,2677,455,0,24
1281,0,6,0,4103,817,2,39
1282,0,2,24,1420,706,2,254
1283,3,6,1,3058,831,2,11
1284,1,5,21,2560,665,0,38
1285,5,6,17,1265,253,1,365
1286,1,2,23,870,360,2,332
1287,4,4,19,743,225,1,141
1288,2,0,4,2917,98,0,356
1289,4,6,11,1167,81,1,344
1290,0,0,17,1320,184,1,192
1291,5,4,5,3659,688,2,323
1292,3,0,3,844,467,2,324
1293,0,1,0,4083,903,2,306
1294,2,3,4,189,416,0,169
1295,5,6,5,3530,108,2,339
1296,4,4,5,1365,277,2,45
1297,1,2,20,12,232,1,47
1298,4,6,5,3833,93,2,179
1299,2,2,15,2277,89,0,47
1300,5,6,9,306,44,1,101
1301,3,6,11,430,155,1,24
1302,2,0,12,101,242,1,273
1303,5,0,27,2143,579,0,78
1304,5,0,8,4586,755,2,202
1305,3,0,4,2566,298,0,175
1306,0,2,17,1099,283,1,262
1307,0,5,5,189,679,2,300
1308,2,2,3,2013,873,2,311
1309,5,1,24,3601,475,2,19
1310,1,5,0,2617,302,2,155
1311,3,3,21,364,394,0,92
1312,0,1,7,604,51,1,238
1313,0,3,3,2328,957,2,164
1314,5,1,10,35,253,0,149
1315,2,4,3,1059,444,2,11
1316,2,2,5,1707,115,2,362
1317,1,0,1,2835,750,2,190
1318,1,1,25,983,295,1,204
1319,2,1,25,809,45,1,154
1320,2,3,21,1209,471,0,60
1321,4,0,13,455,662,0,342
1322,5,2,13,1625,577,0,46
1323,0,0,28,564,610,0,295
1324,3,0,12,1140,141,1,174
1325,5,4,29,47,516,0,45
1326,1,6,26,4889,772,2,294
1327,0,0,24,4907,572,2,177
1328,2,3,15,2809,135,0,199
1329,1,6,25,571,175,1,11
1330,3,1,7,248,158,1,107
1331,3,6,2,168,865,2,307
1332,3,6,0,3192,162,2,283
1333,1,6,29,2266,328,0,206
1334,3,3,25,304,5,1,190
1335,5,2,6,1874,714,2,77
1336,0,1,24,1384,318,2,226
1337,4,6,17,548,91,1,1
1338,1,3,3,4193,147,2,254
1339,3,5,14,1509,199,0,241
1340,2,4,29,1504,113,0,128
1341,3,4,4,2755,566,0,350
1342,3,6,18,1414,113,1,349
1343,0,5,13,2971,294,0,92
1344,0,4,26,4673,622,2,88
1345,5,5,20,654,146,1,197
1346,3,5,7,876,274,1,348
1347,2,3,29,2284,299,0,42
1348,1,6,28,2744,40,0,71
1349,3,5,25,1390,226,1,91
1350,3,1,4,939,665,0,20
1351,4,5,1,125,976,2,143
1352,5,0,10,2053,428,0,143
1353,4,2,15,840,26,0,128
1354,3,2,9,1249,109,1,127
1355,4,2,24,119,97,2,276
1356,2,6,14,1035,340,0,43
1357,2,5,4,475,26,0,155
1358,1,2,12,237,48,1,107
1359,5,2,18,328,192,1,16
1360,0,2,10,2389,698,0,106
1361,1,2,21,692,584,0,172
1362,0,1,15,584,244,0,76
1363,1,1,28,2391,680,0,171
1364,3,6,25,876,216,1,62
1365,2,1,9,1383,206,1,62
1366,5,2,7,1144,67,1,103
1367,5,4,20,1295,57,1,119
1368,4,2,21,552,418,0,333
1369,0,4,13,2453,205,0,349
1370,3,3,17,1114,179,1,272
1371,4,6,22,784,236,1,214
1372,2,0,10,1390,559,0,121
1373,2,5,28,1664,417,0,311
1374,0,4,13,2089,232,0,235
1375,2,6,5,4446,973,2,53
1376,2,6,19,1080,72,1,170
1377,2,3,11,1375,137,1,339
1378,3,6,4,2001,630,0,337
1379,4,2,29,673,138,0,348
1380,2,3,28,786,96,0,272
1381,2,6,11,627,194,1,214
1382,1,1,16,493,71,0,258
1383,2,3,9,740,185,1,223
1384,0,3,7,1421,99,1,359
1385,2,6,18,752,216,1,131
1386,4,3,3,2998,985,2,56
1387,2,6,25,239,53,1,91
1388,5,0,6,737,217,2,111
1389,5,4,6,1222,168,2,287
1390,2,6,2,4659,130,2,183
1391,4,6,9,1116,106,1,334
1392,1,2,23,4536,219,2,138
1393,3,1,12,159,208,1,262
1394,4,1,18,1141,220,1,188
1395,0,6,17,372,54,1,295
1396,3,4,7,521,169,1,286
1397,5,1,3,2040,495,2,204
1398,2,0,8,4162,426,2,353
1399,2,0,1,1661,628,2,157
1400,5,0,28,1071,434,0,77
1401,3,3,25,1425,192,1,198
1402,0,1,16,78,534,0,363
1403,3,1,4,275,158,0,1
1404,0,4,22,1118,186,1,211
1405,1,6,21,1460,331,0,293
1406,3,2,23,4677,959,2,298
1407,4,4,23,339,449,2,93
1408,1,4,6,3075,585,2,65
1409,4,5,21,2681,350,0,81
1410,3,1,4,2979,542,0,103
1411,0,4,29,2175,157,0,39
1412,0,0,13,2174,129,0,195
1413,1,4,19,127,262,1,289
1414,5,1,27,2095,515,0,258
1415,1,4,22,702,67,1,294
1416,1,2,5,1505,807,2,30
1417,3,2,15,417,342,0,313
1418,5,5,26,4712,733,2,4
1419,5,3,24,4386,871,2,225
1420,4,2,28,1309,290,0,322
1421,0,1,7,1480,17,1,232
1422,1,3,27,158,661,0,241
1423,4,3,22,724,16,1,266
1424,2,5,16,2069,514,0,271
1425,4,2,18,643,232,1,325
1426,5,4,14,2896,269,0,188
1427,2,5,10,1774,262,0,179
1428,0,5,29,1056,342,0,279
1429,3,4,17,855,182,1,171
1430,4,3,16,373,327,0,61
1431,1,0,10,95,323,0,332
1432,5,2,11,1379,69,1,356
1433,4,2,20,576,175,1,280
1434,3,4,12,1448,17,1,145
1435,5,3,21,287,231,0,8
1436,2,5,19,1380,154,1,341
1437,5,4,20,634,101,1,24
1438,1,6,1,1110,59,2,84
1439,2,2,15,2373,363,0,339
1440,3,2,10,2936,339,0,226
1441,4,6,22,762,99,1,64
1442,4,6,28,2333,322,0,280
1443,3,1,8,1988,869,2,296
1444,2,1,3,3811,213,2,261
1445,2,4,4,409,574,0,189
1446,2,6,26,4768,381,2,96
1447,1,4,3,2916,541,2,5
1448,3,6,21,236,171,0,219
1449,3,1,0,2963,165,2,88
1450,2,3,26,4249,57,2,220
1451,1,5,20,1379,41,1,174
1452,3,4,21,109,599,0,17
1453,2,2,23,3095,344,2,92
1454,2,2,23,1474,527,2,197
1455,5,4,14,868,528,0,276
1456,1,2,8,1717,868,2,216
1457,3,0,23,1218,69,2,210
1458,5,2,5,4051,670,2,181
1459,4,3,2,926,96,2,10
1460,1,5,26,3340,226,2,245
1461,2,0,29,2501,116,0,25
1462,3,2,8,2175,531,2,284
1463,3,2,9,895,117,1,296
1464,1,3,14,1567,642,0,56
1465,1,2,3,676,987,2,272
1466,0,5,27,610,574,0,2
1467,0,4,8,2078,815,2,91
1468,2,6,7,1087,216,1,40
1469,5,0,11,1096,27,1,197
1470,1,6,16,1771,117,0,211
1471,3,5,19,285,82,1,318
1472,3,4,25,296,70,1,131
1473,1,1,29,2635,675,0,43
1474,5,4,10,133,171,0,120
1475,5,6,11,787,20,1,16
1476,4,1,15,1249,601,0,288
1477,1,2,7,96,29,1,57
1478,0,3,19,1293,51,1,176
1479,0,1,24,2964,567,2,339
1480,0,2,1,1632,560,2,234
1481,3,3,26,4980,545,2,25
1482,3,2,18,1062,231,1,291
1483,5,3,8,2821,804,2,147
1484,1,3,18,1284,298,1,68
1485,1,5,2,2856,889,2,184
1486,0,1,23,2546,625,2,259
1487,1,3,27,649,499,0,263
1488,4,2,0,489,226,2,113
1489,0,2,6,3625,463,2,186
1490,1,6,26,2699,1000,2,333
1491,2,3,11,861,136,1,346
1492,5,4,7,357,228,1,234
1493,0,0,26,1604,598,2,119
1494,3,3,9,1027,73,1,6
1495,4,0,4,2233,488,0,141
1496,3,4,24,4284,759,2,230
1497,2,2,11,169,74,1,192
1498,2,2,17,874,120,1,304
1499,2,0,1,3985,560,2,317
1500,3,1,24,1440,55,2,70
1501,0,5,11,368,133,1,117
1502,0,0,4,2477,346,0,279
1503,4,6,25,608,202,1,356
1504,0,3,22,48,169,1,166
1505,4,6,8,1971,923,2,363
1506,0,4,0,1459,511,2,203
1507,5,3,5,701,863,2,155
1508,5,0,19,852,182,1,115
1509,5,0,20,1163,57,1,279
1510,5,3,1,2580,247,2,49
1511,2,2,8,3278,788,2,57
1512,0,6,3,1718,631,2,115
1513,3,1,28,628,226,0,26
1514,4,2,29,2753,142,0,49
1515,4,3,1,2911,229,2,182
1516,5,3,1,3577,596,2,310
1517,3,4,13,1280,546,0,51
1518,4,5,11,985,265,1,194
1519,1,2,20,1446,60,1,273
1520,3,2,4,511,455,0,41
1521,5,6,7,976,154,1,98
1522,5,3,9,156,72,1,276
1523,0,6,29,55,295,0,216
1524,5,5,15,1810,340,0,136
1525,5,6,21,2848,495,0,64
1526,4,5,22,1450,109,1,322
1527,0,5,15,823,643,0,117
1528,0,6,5,4530,784,2,328
1529,3,2,6,3372,562,2,203
1530,5,3,11,229,194,1,364
1531,3,1,16,85,512,0,27
1532,4,1,7,1233,141,1,284
1533,5,6,21,422,531,0,41
1534,2,4,18,536,266,1,125
1535,0,4,22,1269,163,1,209
1536,0,1,20,923,98,1,289
1537,0,2,13,976,696,0,36
1538,3,0,17,493,24,1,347
1539,0,6,9,1142,110,1,292
1540,0,3,25,520,54,1,316
1541,1,6,23,4565,570,2,313
1542,3,3,18,768,284,1,280
1543,1,5,17,778,60,1,104
1544,2,5,22,494,293,1,49
1545,1,0,2,2355,443,2,37
1546,4,1,5,4924,174,2,56
1547,3,5,17,175,142,1,3
1548,0,3,18,284,213,1,79
1549,4,5,7,945,79,1,264
1550,3,0,15,2760,638,0,6
1551,1,4,0,1616,870,2,344
1552,4,5,26,775,704,2,308
1553,1,5,3,2468,789,2,163
1554,4,6,0,1628,837,2,319
1555,2,2,6,3759,993,2,273
1556,0,1,1,571,191,2,133
1557,5,4,23,1866,839,2,185
1558,0,6,2,1313,702,2,3
1559,4,2,12,566,37,1,204
1560,2,6,1,2830,292,2,345
1561,1,6,2,134,111,2,99
1562,2,3,5,4016,978,2,149
1563,0,6,14,1572,134,0,295
1564,2,4,13,1843,125,0,72
1565,3,4,25,1145,135,1,275
1566,0,1,17,89,198,1,294
1567,2,0,13,660,77,0,139
1568,1,3,22,524,113,1,328
1569,0,3,6,687,504,2,343
1570,5,3,18,1358,148,1,200
1571,4,3,10,1712,118,0,104
1572,0,5,18,255,79,1,239
1573,5,3,25,160,57,1,51
1574,4,3,9,514,281,1,125
1575,5,3,23,930,271,2,228
1576,5,2,13,2611,663,0,172
1577,5,1,11,281,240,1,27
1578,2,3,29,642,532,0,29
1579,2,2,6,1445,367,2,124
1580,2,6,18,1191,275,1,190
1581,5,1,7,137,196,1,345
1582,4,2,23,2345,385,2,46
1583,4,1,21,976,588,0,334
1584,2,3,10,2665,328,0,353
1585,0,4,21,719,525,0,39
1586,5,4,29,2855,543,0,239
1587,3,6,7,524,254,1,295
1588,1,3,2,2460,160,2,345
1589,0,6,12,1368,274,1,58
1590,3,5,9,284,35,1,14
1591,3,3,27,1736,633,0,361
1592,1,3,26,3076,662,2,206
1593,1,3,19,158,68,1,151
1594,1,0,12,1275,31,1,199
1595,1,2,21,1203,485,0,134
1596,0,3,27,776,286,0,182
1597,4,2,7,1019,5,1,85
1598,5,6,14,2355,569,0,62
1599,5,0,13,1396,649,0,238
1600,0,1,11,1200,8,1,0
1601,0,2,8,866,596,2,38
1602,5,4,29,2673,445,0,9
1603,4,4,6,2320,399,2,229
1604,5,5,1,4582,719,2,303
1605,2,6,20,1056,110,1,287
1606,3,6,4,2728,88,0,298
1607,3,1,10,1906,274,0,209
1608,1,0,2,4940,658,2,234
1609,1,5,23,2261,482,2,97
1610,4,2,18,1465,121,1,242
1611,2,5,8,1513,884,2,118
1612,4,3,28,1681,212,0,306
1613,1,2,14,2059,355,0,278
1614,4,1,2,126,210,2,355
1615,3,2,2,2904,612,2,253
1616,5,4,20,1413,45,1,45
1617,0,0,11,1037,254,1,22
1618,0,3,2,124,666,2,8
1619,2,5,24,2105,878,2,334
1620,0,1,0,1396,688,2,243
1621,2,3,6,2475,97,2,325
1622,4,4,19,230,204,1,35
1623,5,4,2,4753,260,2,46
1624,0,4,10,1312,270,0,28
1625,2,2,15,875,26,0,96
1626,0,1,8,941,778,2,206
1627,1,1,6,3863,858,2,148
1628,4,4,14,1902,393,0,62
1629,1,2,18,774,96,1,243
1630,4,0,8,1401,153,2,336
1631,2,3,15,1721,132,0,175
1632,3,4,9,801,44,1,50
1633,3,2,28,1266,82,0,182
1634,0,4,13,612,699,0,215
1635,1,0,19,1025,168,1,212
1636,3,3,20,1083,80,1,5
1637,3,1,26,375,553,2,60
1638,4,6,12,206,287,1,180
1639,5,5,29,1051,160,0,8
1640,5,3,0,4515,978,2,41
1641,4,3,15,2403,267,0,32
1642,2,2,6,3013,81,2,262
1643,0,6,14,1470,335,0,269
1644,1,0,20,693,164,1,245
1645,4,0,0,1607,210,2,205
1646,0,6,4,1138,530,0,233
1647,2,2,15,961,59,0,103
1648,1,4,10,221,229,0,303
1649,1,3,24,4891,100,2,326
1650,1,6,27,1412,481,0,35
1651,5,5,13,374,110,0,353
1652,2,0,15,499,536,0,56
1653,2,3,1,698,503,2,334
1654,5,3,12,1425,248,1,259
1655,2,5,19,1267,78,1,232
1656,1,6,15,274,31,0,98
1657,2,6,6,4616,298,2,176
1658,5,6,11,69,194,1,236
1659,5,5,12,484,242,1,25
1660,3,5,14,2301,208,0,31
1661,5,0,3,1547,133,2,21
1662,3,0,0,1032,807,2,166
1663,4,0,7,582,12,1,211
1664,4,4,6,968,402,2,66
1665,4,6,10,2187,496,0,196
1666,3,3,26,1163,935,2,83
1667,3,0,5,3673,396,2,120
1668,2,3,23,2555,219,2,62
1669,5,3,3,4538,255,2,314
1670,2,3,13,1463,180,0,17
1671,5,4,4,196,515,0,10
1672,0,6,18,725,114,1,178
1673,5,4,26,3335,295,2,192
1674,5,1,19,799,104,1,311
1675,2,0,3,4764,457,2,341
1676,1,6,10,597,155,0,349
1677,0,1,26,797,644,2,215
1678,5,0,17,172,168,1,133
1679,2,0,10,204,353,0,24
1680,0,0,8,4676,224,2,162
1681,5,1,5,2619,493,2,44
1682,2,6,5,2390,823,2,237
1683,4,4,24,3341,473,2,236
1684,5,5,5,2144,365,2,347
1685,0,5,16,1128,694,0,32
1686,0,6,0,2560,368,2,272
1687,2,1,26,4996,527,2,29
1688,1,1,8,3522,597,2,191
1689,3,1,21,783,606,0,137
1690,5,0,14,21,232,0,277
1691,4,2,11,303,275,1,133
1692,4,1,18,507,95,1,274
1693,1,3,12,1299,170,1,246
1694,2,0,28,2926,423,0,222
1695,0,0,28,191,181,0,38
1696,0,1,5,2465,835,2,58
1697,4,5,7,1156,79,1,14
1698,1,2,11,1288,140,1,236
1699,5,1,26,2656,319,2,170
1700,5,3,1,3518,372,2,320
1701,0,5,12,1083,163,1,61
1702,1,2,5,3411,551,2,164
1703,2,1,23,2405,584,2,225
1704,2,6,11,234,75,1,278
1705,2,0,8,1019,921,2,171
1706,4,5,16,930,112,0,243
1707,5,0,8,1465,923,2,133
1708,2,4,13,2219,22,0,21
1709,5,4,28,2436,200,0,150
1710,4,1,28,393,265,0,182
1711,1,4,4,2046,251,0,156
1712,5,6,23,4070,432,2,118
1713,5,3,15,2819,177,0,11
1714,5,3,2,4335,156,2,300
1715,3,6,19,891,50,1,294
1716,5,4,8,2096,684,2,169
1717,0,2,9,949,237,1,193
1718,0,6,1,3996,806,2,32
1719,2,5,24,2278,718,2,328
1720,0,5,9,99,136,1,63
1721,4,1,14,2184,666,0,159
1722,5,6,0,3455,105,2,189
1723,5,2,28,802,235,0,150
1724,0,3,15,1180,108,0,209
1725,5,6,24,808,368,2,333
1726,1,1,11,1462,258,1,147
1727,5,1,23,4820,633,2,15
1728,5,0,6,421,435,2,321
1729,2,1,9,233,297,1,181
1730,4,4,26,973,416,2,251
1731,4,4,7,260,118,1,145
1732,3,6,17,160,68,1,293
1733,3,0,12,359,138,1,26
1734,4,6,10,758,162,0,25
1735,0,0,18,345,20,1,173
1736,1,1,1,3047,402,2,350
1737,2,3,22,15,91,1,81
1738,4,5,6,4870,589,2,26
1739,5,1,7,1241,104,1,221
1740,1,1,16,157,259,0,309
1741,2,5,15,1270,192,0,71
1742,3,5,23,562,442,2,137
1743,3,6,27,287,68,0,219
1744,0,5,21,1322,175,0,128
1745,3,1,14,2639,213,0,71
1746,4,2,22,270,130,1,65
1747,2,4,11,1492,118,1,192
1748,0,3,11,14,102,1,95
1749,2,1,4,2218,88,0,166
1750,3,0,9,1075,113,1,101
1751,3,2,14,2860,402,0,189
1752,1,3,21,1069,499,0,69
1753,5,2,22,1424,93,1,172
1754,1,4,6,2801,798,2,148
1755,0,5,18,768,122,1,107
1756,1,5,5,663,128,2,165
1757,0,6,23,1953,693,2,23
1758,0,1,25,971,40,1,253
1759,1,0,23,2135,780,2,214
1760,1,4,11,119,294,1,262
1761,3,0,11,1262,272,1,207
1762,2,4,24,813,653,2,92
1763,1,6,15,869,465,0,169
1764,0,2,13,2143,680,0,41
1765,5,2,3,806,511,2,67
1766,1,2,5,1707,464,2,55
1767,0,6,14,2204,126,0,53
1768,2,2,26,2275,665,2,322
1769,5,2,14,2847,304,0,257
1770,0,0,4,2065,378,0,120
1771,5,1,19,928,19,1,52
1772,2,4,0,171,68,2,174
1773,4,3,12,732,56,1,186
1774,5,6,6,1583,794,2,181
1775,5,1,26,3432,903,2,338
1776,4,0,4,1753,291,0,177
1777,4,5,19,570,263,1,193
1778,3,6,1,109,820,2,144
1779,5,1,20,1489,158,1,154
1780,4,0,0,4193,894,2,287
1781,2,6,3,2843,426,2,243
1782,3,1,20,77,182,1,267
1783,2,6,27,2388,681,0,340
1784,2,2,24,947,479,2,92
1785,0,3,21,2514,249,0,22
1786,5,3,29,519,163,0,229
1787,2,5,14,2658,663,0,305
1788,2,0,14,1625,674,0,314
1789,4,6,1,3574,677,2,74
1790,3,3,5,1643,803,2,64
1791,5,6,0,2672,220,2,302
1792,3,3,22,1400,19,1,278
1793,4,0,20,215,294,1,171
1794,5,1,10,1586,108,0,54
1795,3,3,12,277,168,1,29
1796,3,2,16,2851,295,0,44
1797,4,3,3,3457,724,2,113
1798,0,5,7,514,58,1,24
1799,0,6,10,2719,581,0,296
1800,1,2,18,1480,163,1,164
1801,3,4,18,269,200,1,297
1802,3,3,13,2999,490,0,342
1803,0,2,7,317,144,1,204
1804,3,1,29,128,393,0,14
1805,4,4,26,4281,911,2,243
1806,1,2,16,2727,302,0,103
1807,5,1,13,1592,62,0,222
1808,4,1,13,1611,615,0,14
1809,0,3,24,4771,839,2,344
1810,5,0,0,3982,525,2,329
1811,4,5,27,1794,186,0,200
1812,3,0,1,2398,661,2,251
1813,4,2,3,199,989,2,240
1814,3,5,2,1071,943,2,113
1815,0,3,7,400,196,1,189
1816,5,1,13,1935,158,0,331
1817,4,5,10,263,503,0,296
1818,0,2,26,3170,281,2,144
1819,3,3,19,739,233,1,60
1820,5,5,20,1135,46,1,278
1821,1,3,27,1947,171,0,220
1822,1,6,0,1266,585,2,299
1823,1,6,14,1499,414,0,111
1824,3,1,14,2763,62,0,130
1825,2,4,27,2730,698,0,209
1826,2,5,6,4857,788,2,115
1827,0,5,22,726,296,1,299
1828,3,4,1,2010,159,2,359
1829,1,0,20,325,294,1,341
1830,2,5,20,665,197,1,347
1831,3,2,9,216,292,1,108
1832,3,6,28,2419,406,0,226
1833,3,6,26,357,968,2,272
1834,3,0,3,1834,783,2,110
1835,1,3,24,1345,80,2,124
1836,1,4,18,28,113,1,187
1837,0,2,18,150,109,1,3
1838,1,4,13,1203,388,0,258
1839,3,5,1,3610,221,2,207
1840,2,0,26,4200,596,2,329
1841,2,0,11,505,204,1,22
1842,2,2,24,1570,841,2,12
1843,4,0,0,4280,345,2,84
1844,4,0,15,1556,428,0,38
1845,4,1,16,2599,252,0,105
1846,5,1,27,1606,612,0,279
1847,4,5,11,1096,211,1,256
1848,1,2,1,1716,361,2,85
1849,0,1,13,2396,406,0,329
1850,0,5,20,84,115,1,220
1851,5,4,26,4294,190,2,328
1852,5,6,0,4621,895,2,118
1853,0,0,11,675,181,1,237
1854,5,6,21,1905,301,0,279
1855,2,0,8,1284,812,2,36
1856,2,5,2,4890,824,2,16
1857,3,2,7,517,119,1,208
1858,5,5,28,1032,129,0,163
1859,3,1,9,564,238,1,78
1860,1,6,7,468,118,1,270
1861,3,5,21,1847,91,0,234
1862,2,1,16,1271,451,0,20
1863,0,3,3,4875,188,2,101
1864,4,4,29,1385,341,0,21
1865,0,2,7,474,234,1,253
1866,3,1,6,2939,826,2,235
1867,2,4,19,1277,96,1,271
1868,0,6,28,2744,423,0,167
1869,0,3,0,3334,652,2,22
1870,4,3,11,749,289,1,31
1871,5,6,18,808,298,1,186
1872,4,3,24,1967,727,2,261
1873,2,6,28,2218,247,0,297
1874,1,5,8,903,78,2,23
1875,3,0,27,2381,160,0,90
1876,4,2,13,518,698,0,275
1877,1,2,2,937,214,2,247
1878,5,6,1,3560,764,2,241
1879,2,3,29,881,350,0,358
1880,1,2,21,1459,79,0,226
1881,3,1,7,1141,135,1,251
1882,3,5,29,1947,625,0,328
1883,4,2,5,1804,549,2,271
1884,0,6,24,3600,548,2,179
1885,5,6,7,244,271,1,281
1886,5,4,26,796,855,2,302
1887,2,0,23,4163,191,2,11
1888,0,1,26,2049,767,2,335
1889,0,0,19,102,293,1,213
1890,3,3,15,2166,139,0,91
1891,0,3,14,2767,44,0,96
1892,1,4,3,496,63,2,86
1893,3,4,27,965,666,0,42
1894,4,2,12,306,8,1,133
1895,1,1,23,303,539,2,40
1896,4,0,23,3895,137,2,47
1897,0,3,12,286,86,1,359
1898,4,6,9,1453,159,1,332
1899,2,4,11,394,42,1,94
1900,3,0,23,4307,837,2,39
1901,1,3,18,1114,220,1,160
1902,4,5,26,571,732,2,143
1903,5,6,25,1088,128,1,180
1904,3,0,19,1497,118,1,291
1905,0,1,16,485,300,0,229
1906,1,4,6,1665,502,2,138
1907,5,3,2,4720,124,2,45
1908,3,2,28,509,679,0,164
1909,4,1,27,793,112,0,363
1910,4,4,14,1809,364,0,16
1911,2,1,26,1940,203,2,356
1912,4,6,7,1040,83,1,71
1913,2,1,23,987,440,2,336
1914,1,0,14,963,350,0,95
1915,0,6,29,2325,25,0,352
1916,3,2,19,783,280,1,247
1917,1,4,17,906,107,1,43
1918,2,4,20,1061,38,1,195
1919,1,5,11,173,93,1,49
1920,1,4,24,388,975,2,37
1921,2,0,3,4846,356,2,323
1922,1,4,15,943,698,0,32
1923,4,5,8,128,92,2,132
1924,3,2,16,675,613,0,212
1925,5,6,18,1270,178,1,230
1926,0,6,25,512,72,1,120
1927,2,0,0,2094,318,2,164
1928,2,0,5,1202,255,2,363
1929,4,6,25,390,48,1,51
1930,5,5,12,905,125,1,164
1931,1,5,0,3497,845,2,316
1932,4,0,0,2016,620,2,124
1933,2,2,11,126,156,1,102
1934,3,6,26,1939,944,2,287
1935,2,5,2,2577,767,2,24
1936,5,1,17,953,49,1,337
1937,4,6,28,94,392,0,139
1938,2,4,6,140,457,2,96
1939,5,4,24,446,670,2,23
1940,2,3,22,1441,218,1,65
1941,4,3,21,725,404,0,319
1942,4,0,11,775,238,1,339
1943,5,6,0,113,347,2,54
1944,5,4,10,118,307,0,237
1945,4,2,6,2802,964,2,190
1946,3,6,28,2824,530,0,86
1947,3,4,21,1130,333,0,80
1948,5,5,5,2004,115,2,15
1949,3,4,22,1088,261,1,67
1950,5,3,26,2183,632,2,85
1951,4,0,11,467,156,1,305
1952,5,0,14,2427,212,0,250
1953,4,1,7,198,106,1,88
1954,4,5,2,3121,286,2,259
1955,3,3,22,1215,42,1,203
1956,4,1,4,1064,501,0,105
1957,5,3,6,2383,987,2,232
1958,5,0,20,613,108,1,247
1959,5,2,18,734,154,1,39
1960,3,6,1,630,686,2,111
1961,3,6,13,2042,12,0,114
1962,3,0,25,610,148,1,340
1963,1,3,2,4058,698,2,133
1964,1,3,13,1344,178,0,362
1965,3,3,16,2734,617,0,322
1966,2,1,6,370,655,2,106
1967,1,5,24,160,447,2,338
1968,0,4,16,2798,83,0,340
1969,0,4,23,3246,834,2,27
1970,0,2,17,219,281,1,273
1971,1,6,5,3504,415,2,213
1972,4,3,22,962,108,1,40
1973,5,2,9,609,129,1,110
1974,3,6,0,1233,570,2,358
1975,2,6,25,586,133,1,83
1976,3,6,23,3946,552,2,162
1977,5,6,18,1085,205,1,146
1978,3,2,9,1472,282,1,342
1979,1,4,6,4917,158,2,212
1980,0,2,16,2270,78,0,315
1981,2,6,26,4369,892,2,336
1982,1,1,21,493,437,0,112
1983,0,6,3,4950,568,2,21
1984,3,2,20,446,90,1,33
1985,2,0,10,1567,324,0,363
1986,3,2,18,1062,130,1,110
1987,3,0,15,1512,406,0,182
1988,0,5,7,514,184,1,319
1989,0,4,6,4615,802,2,204
1990,1,1,15,740,361,0,91
1991,5,2,4,2868,492,0,300
1992,4,6,12,1102,38,1,251
1993,1,6,9,1040,90,1,268
1994,3,2,13,1647,488,0,350
1995,5,0,27,2563,234,0,183
1996,4,0,23,4191,274,2,66
1997,4,2,22,1366,89,1,22
1998,1,6,20,564,268,1,43
1999,0,4,20,1334,130,1,11
2000,3,5,4,1863,221,0,32
2001,3,3,9,12,213,1,309
2002,2,4,28,1247,453,0,117
2003,1,0,21,1287,263,0,94
2004,3,0,18,1308,274,1,46
2005,1,3,22,375,177,1,188
2006,3,0,6,3247,571,2,355
2007,2,4,10,836,550,0,270
2008,0,3,9,141,269,1,28
2009,1,4,13,1914,173,0,307
2010,0,6,29,2566,591,0,145
2011,4,2,15,2376,481,0,71
2012,0,2,1,4169,348,2,296
2013,3,4,8,4619,633,2,43
2014,4,0,8,1001,388,2,320
2015,3,2,24,890,743,2,317
2016,2,1,9,546,257,1,209
2017,3,3,18,223,195,1,357
2018,5,2,28,1317,494,0,309
2019,0,0,1,3210,266,2,102
2020,0,3,25,423,20,1,166
2021,4,5,12,1363,112,1,219
2022,5,3,13,2739,313,0,318
2023,5,5,11,1219,84,1,162
2024,2,0,11,430,176,1,297
2025,5,0,24,3405,987,2,38
2026,0,3,21,2531,92,0,66
2027,3,0,10,1345,586,0,198
2028,4,3,29,2473,357,0,292
2029,0,1,20,364,235,1,248
2030,0,5,27,213,542,0,324
2031,1,6,21,2566,646,0,174
2032,2,5,19,1186,9,1,365
2033,0,6,7,512,260,1,110
2034,1,5,9,311,47,1,162
2035,5,6,21,2200,688,0,304
2036,0,6,26,4527,243,2,318
2037,2,1,12,1141,177,1,305
2038,5,0,14,24,376,0,224
2039,1,5,26,1767,202,2,303
2040,5,6,21,2993,601,0,344
2041,1,4,4,1003,202,0,351
2042,0,4,5,2882,540,2,323
2043,0,0,15,1130,299,0,309
2044,0,4,11,538,110,1,127
2045,1,6,20,927,17,1,198
2046,2,6,9,416,198,1,48
2047,0,6,20,1394,193,1,161
2048,3,5,8,222,925,2,49
2049,1,2,20,646,136,1,304
2050,2,6,15,1675,438,0,34
2051,4,2,16,1898,506,0,121
2052,3,1,25,1224,69,1,212
2053,1,1,10,2496,667,0,15
2054,4,3,22,925,17,1,295
2055,3,4,7,1204,15,1,49
2056,2,3,19,1032,147,1,186
2057,2,6,6,4258,310,2,11
2058,2,5,29,706,49,0,113
2059,5,0,22,450,136,1,278
2060,0,5,24,1386,412,2,3
2061,3,5,26,4545,759,2,205
2062,1,6,2,2143,857,2,105
2063,1,0,11,851,219,1,170
2064,4,0,26,3769,946,2,183
2065,5,4,26,305,114,2,141
2066,5,1,15,741,166,0,359
2067,4,0,11,715,245,1,336
2068,5,3,18,1082,25,1,263
2069,3,2,18,126,187,1,16
2070,5,1,29,1255,622,0,52
2071,2,0,6,823,784,2,332
2072,1,1,8,2552,132,2,142
2073,3,5,2,3145,583,2,89
2074,3,1,25,343,88,1,227
2075,4,3,1,878,89,2,270
2076,3,1,23,4352,631,2,322
2077,4,1,23,4616,580,2,340
2078,0,1,17,643,298,1,91
2079,2,3,2,2640,496,2,149
2080,3,4,7,800,246,1,278
2081,2,0,28,363,131,0,224
2082,3,4,19,524,109,1,6
2083,2,4,9,69,15,1,214
2084,4,5,8,3605,444,2,14
2085,3,4,20,320,126,1,9
2086,3,6,25,659,50,1,225
2087,4,3,10,924,655,0,295
2088,3,2,12,961,62,1,67
2089,5,2,10,653,144,0,239
2090,3,4,8,3836,887,2,213
2091,1,1,18,1023,90,1,166
2092,4,0,24,2764,79,2,198
2093,5,0,26,1986,657,2,85
2094,3,3,3,2761,350,2,170
2095,4,0,17,554,119,1,124
2096,3,5,23,2299,536,2,253
2097,5,4,19,375,136,1,271
2098,0,1,15,1348,364,0,50
2099,2,5,27,1965,659,0,32
2100,1,3,13,329,326,0,125
2101,2,6,4,1823,203,0,243
2102,4,6,21,914,449,0,361
2103,4,4,6,4090,700,2,44
2104,5,1,26,3932,804,2,104
2105,3,5,15,2827,491,0,212
2106,5,5,21,1713,665,0,108
2107,1,4,20,691,17,1,70
2108,5,5,5,802,465,2,361
2109,0,2,24,3700,533,2,178
2110,0,0,2,3370,143,2,67
2111,4,0,18,141,274,1,365
2112,1,3,12,1269,74,1,207
2113,1,0,29,2913,570,0,23
2114,0,6,9,1323,257,1,348
2115,5,2,23,879,175,2,69
2116,0,6,21,1662,447,0,143
2117,5,0,0,1618,431,2,16
2118,1,5,3,1908,236,2,158
2119,4,5,13,1271,506,0,85
2120,2,4,2,1330,589,2,104
2121,1,6,22,1182,224,1,189
2122,0,5,21,457,85,0,323
2123,3,6,0,1344,454,2,209
2124,5,1,4,2930,63,0,331
2125,1,1,7,1475,190,1,105
2126,5,3,2,4988,520,2,88
2127,3,5,22,492,224,1,350
2128,0,2,12,1079,170,1,146
2129,0,1,14,1278,240,0,274
2130,3,1,2,1967,489,2,197
2131,4,4,20,1457,299,1,291
2132,1,6,22,1454,18,1,79
2133,4,2,25,1463,85,1,317
2134,3,3,25,698,20,1,338
2135,1,4,10,156,617,0,206
2136,0,3,29,590,243,0,177
2137,4,0,7,1363,209,1,209
2138,5,0,9,1246,121,1,316
2139,4,1,8,981,81,2,356
2140,2,4,3,2516,703,2,166
2141,1,5,11,12,81,1,225
2142,2,0,1,3857,681,2,342
2143,3,2,14,329,410,0,36
2144,5,5,20,381,31,1,138
2145,4,3,29,2493,373,0,46
2146,0,0,17,189,151,1,194
2147,3,6,5,2130,511,2,231
2148,5,2,24,580,957,2,171
2149,4,1,15,1894,450,0,249
2150,4,4,24,2303,816,2,242
2151,5,6,3,956,280,2,111
2152,3,4,5,3397,423,2,177
2153,1,6,22,606,128,1,286
2154,4,0,2,2431,128,2,183
2155,5,3,6,1550,853,2,175
2156,4,6,20,339,257,1,125
2157,2,5,28,1383,575,0,316
2158,5,4,7,551,94,1,362
2159,1,6,5,3694,851,2,280
2160,4,3,14,2733,596,0,193
2161,5,0,3,965,339,2,31
2162,4,4,28,985,633,0,331
2163,2,2,6,2624,341,2,71
2164,4,1,28,1032,698,0,341
2165,4,5,13,1780,166,0,360
2166,3,2,21,2077,228,0,327
2167,5,6,24,4410,809,2,57
2168,1,1,19,1341,230,1,315
2169,0,3,0,3486,767,2,111
2170,4,4,6,2400,421,2,182
2171,1,0,17,471,274,1,335
2172,3,0,5,1972,308,2,331
2173,3,3,8,4841,605,2,43
2174,1,6,29,2518,438,0,133
2175,2,4,20,550,155,1,316
2176,3,2,18,1029,266,1,307
2177,5,1,22,143,219,1,51
2178,4,6,17,839,258,1,221
2179,5,5,9,544,289,1,227
2180,1,2,29,2476,389,0,334
2181,0,0,0,2906,565,2,306
2182,1,4,5,1792,640,2,256
2183,1,0,16,290,658,0,85
2184,1,2,22,265,42,1,57
2185,0,0,11,374,177,1,258
2186,2,1,28,2928,214,0,212
2187,4,2,3,1855,182,2,362
2188,0,2,15,2629,22,0,215
2189,1,5,4,1943,494,0,1
2190,0,4,24,5000,483,2,322
2191,1,2,6,1663,343,2,332
2192,1,5,2,4988,234,2,176
2193,5,6,25,701,13,1,361
2194,5,0,29,670,353,0,79
2195,1,6,23,528,266,2,124
2196,0,1,0,536,780,2,20
2197,3,3,4,2433,677,0,153
2198,0,0,14,1573,427,0,264
2199,3,2,1,4264,743,2,17
2200,0,0,29,2005,75,0,313
2201,3,2,22,659,37,1,304
2202,1,2,19,1483,61,1,292
2203,1,5,9,1235,119,1,142
2204,3,3,23,2757,198,2,285
2205,1,0,23,3445,150,2,249
2206,2,6,1,3237,91,2,207
2207,1,5,7,1077,175,1,233
2208,0,3,11,643,281,1,130
2209,4,3,23,4741,287,2,296
2210,4,2,20,1497,132,1,300
2211,0,1,5,2268,771,2,234
2212,1,1,27,2986,534,0,30
2213,1,3,17,1023,96,1,154
2214,5,0,8,4620,642,2,289
2215,4,1,8,730,227,2,115
2216,2,6,16,482,660,0,239
2217,2,5,23,634,122,2,307
2218,3,2,7,872,215,1,24
2219,0,0,4,1736,27,0,145
2220,1,0,16,1397,641,0,14
2221,3,1,25,215,160,1,359
2222,4,6,23,3163,920,2,300
2223,1,1,23,3369,699,2,146
2224,3,3,5,2608,145,2,353
2225,0,6,23,1334,505,2,93
2226,2,4,26,4182,443,2,304
2227,3,0,10,338,455,0,88
2228,2,1,15,336,457,0,101
2229,1,3,18,654,78,1,15
2230,0,6,0,705,630,2,125
2231,3,4,12,109,21,1,218
2232,3,3,5,3816,843,2,254
2233,3,6,22,1257,61,1,186
2234,5,5,17,1277,17,1,7
2235,5,1,8,2953,704,2,53
2236,4,6,12,536,17,1,46
2237,5,5,19,354,297,1,60
2238,1,6,3,1652,503,2,285
2239,3,2,14,1715,616,0,149
2240,3,0,23,1730,208,2,293
2241,0,4,7,361,208,1,5
2242,5,5,13,943,369,0,134
2243,1,6,2,4862,657,2,40
2244,0,6,1,2090,106,2,104
2245,0,1,26,2381,491,2,261
2246,5,6,9,1115,254,1,31
2247,4,5,25,962,290,1,44
2248,0,6,22,1092,181,1,342
2249,2,3,21,2669,526,0,336
2250,1,6,9,56,279,1,3
2251,1,3,11,978,264,1,310
2252,4,6,16,2745,141,0,356
2253,1,1,18,880,266,1,97
2254,3,1,22,502,31,1,86
2255,3,0,8,1795,625,2,143
2256,0,2,29,2152,431,0,153
2257,0,6,4,1797,208,0,353
2258,4,6,0,4922,418,2,267
2259,1,1,8,1895,842,2,120
2260,3,2,4,1933,496,0,192
2261,2,3,8,822,708,2,175
2262,5,1,28,1522,693,0,265
2263,4,6,26,3812,664,2,142
2264,1,3,11,262,221,1,60
2265,2,3,18,632,65,1,110
2266,1,1,12,1439,149,1,240
2267,2,1,27,2011,216,0,203
2268,2,3,27,2084,491,0,169
2269,3,6,15,1236,692,0,66
2270,0,4,28,256,59,0,145
2271,4,3,15,2175,166,0,39
2272,3,3,12,938,279,1,317
2273,1,4,28,509,150,0,331
2274,3,6,12,970,239,1,48
2275,2,3,28,1164,357,0,205
2276,0,4,16,725,550,0,30
2277,3,0,9,488,141,1,94
2278,0,2,28,547,599,0,203
2279,1,0,21,2359,167,0,248
2280,2,6,18,467,286,1,331
2281,5,5,2,2465,816,2,24
2282,5,4,0,2893,232,2,155
2283,5,0,28,2137,181,0,272
2284,4,0,13,446,98,0,179
2285,0,5,7,1420,43,1,144
2286,4,0,22,1353,235,1,192
2287,0,5,4,1720,262,0,182
2288,4,1,13,972,661,0,92
2289,2,5,22,861,81,1,162
2290,4,1,21,2406,350,0,251
2291,5,5,27,297,175,0,208
2292,3,3,23,1154,644,2,342
2293,3,0,22,1165,191,1,230
2294,0,0,23,4949,814,2,245
2295,4,1,26,4570,596,2,211
2296,3,4,10,2287,236,0,322
2297,0,2,15,478,265,0,68
2298,5,0,13,2961,320,0,7
2299,3,5,24,1183,367,2,0
2300,1,1,23,4293,962,2,233
2301,5,1,14,1460,303,0,71
2302,4,0,2,3758,493,2,191
2303,0,5,24,3992,473,2,39
2304,3,0,13,2575,83,0,209
2305,3,3,10,1334,501,0,25
2306,0,5,17,474,77,1,300
2307,4,2,28,2541,126,0,118
2308,0,5,5,3049,881,2,348
2309,0,3,8,2827,463,2,140
2310,5,4,16,140,230,0,152
2311,1,6,25,519,235,1,160
2312,5,2,19,1334,35,1,204
2313,1,3,13,386,304,0,176
2314,2,4,18,252,6,1,31
2315,1,3,16,45,382,0,184
2316,2,0,20,917,28,1,63
2317,1,2,18,803,37,1,72
2318,2,2,25,160,250,1,146
2319,3,5,18,94,208,1,332
2320,1,3,15,802,645,0,136
2321,4,6,24,3396,71,2,195
2322,5,3,20,904,47,1,233
2323,4,3,6,4603,839,2,197
2324,1,2,14,2510,567,0,354
2325,2,0,29,1154,393,0,338
2326,0,2,19,1164,98,1,111
2327,0,6,7,469,123,1,32
2328,3,5,3,3527,323,2,332
2329,0,1,23,114,131,2,340
2330,0,1,14,593,48,0,210
2331,1,2,22,585,15,1,121
2332,0,1,29,944,294,0,139
2333,4,6,26,1555,475,2,134
2334,2,4,23,3713,119,2,310
2335,0,5,11,851,46,1,57
2336,2,0,20,1196,187,1,306
2337,3,4,2,2297,846,2,242
2338,0,0,18,1474,254,1,334
2339,2,3,0,4839,872,2,359
2340,1,3,28,2439,232,0,125
2341,1,5,3,2722,110,2,248
2342,5,1,19,396,272,1,117
2343,2,0,24,4843,258,2,7
2344,3,5,6,2442,329,2,268
2345,2,0,21,2381,403,0,253
2346,2,6,5,4040,408,2,60
2347,5,4,21,361,532,0,201
2348,3,4,14,1057,356,0,355
2349,5,1,28,1755,337,0,145
2350,4,2,15,1982,121,0,56
2351,0,2,1,1573,101,2,343
2352,1,0,17,1187,72,1,170
2353,2,1,9,150,198,1,328
2354,3,0,16,1305,671,0,289
2355,5,5,7,1057,64,1,110
2356,3,6,27,2636,393,0,120
2357,3,5,5,3521,590,2,64
2358,0,0,14,1304,389,0,361
2359,4,0,3,253,424,2,110
2360,1,2,2,3447,237,2,147
2361,5,2,4,2999,22,0,212
2362,4,5,10,2831,249,0,237
2363,1,2,12,1459,225,1,148
2364,5,3,18,610,144,1,95
2365,5,5,3,4333,678,2,155
2366,4,1,7,1464,222,1,351
2367,3,4,8,3260,415,2,232
2368,2,0,11,647,280,1,198
2369,0,2,21,2882,220,0,286
2370,5,1,11,702,5,1,41
2371,0,6,3,4683,890,2,120
2372,5,1,26,162,409,2,239
2373,1,2,14,1804,21,0,348
2374,1,4,17,1382,250,1,182
2375,5,1,24,4497,241,2,72
2376,1,0,10,2904,414,0,71
2377,1,6,1,2671,580,2,216
2378,5,1,1,2032,280,2,68
2379,5,6,20,244,143,1,253
2380,5,5,21,705,123,0,271
2381,3,4,10,705,557,0,154
2382,5,0,24,3160,942,2,101
2383,4,5,14,1708,510,0,0
2384,4,6,17,930,237,1,48
2385,2,4,13,1848,511,0,224
2386,0,3,24,4972,790,2,33
2387,1,1,23,4378,571,2,329
2388,2,4,20,247,40,1,293
2389,1,1,6,4809,516,2,64
2390,3,1,19,1019,21,1,28
2391,2,6,3,293,407,2,348
2392,5,0,20,1052,209,1,196
2393,0,1,28,1522,296,0,302
2394,5,0,15,2082,255,0,214
2395,5,3,10,2449,445,0,253
2396,4,4,8,4782,153,2,360
2397,4,4,26,1286,857,2,62
2398,5,2,4,2228,35,0,350
2399,3,3,19,439,216,1,57
2400,3,0,15,1093,86,0,156
2401,4,5,23,2558,750,2,184
2402,5,4,29,105,67,0,53
2403,4,3,27,1601,594,0,9
2404,4,1,22,1324,6,1,214
2405,0,3,13,247,124,0,137
2406,3,5,0,261,472,2,297
2407,5,2,21,2926,582,0,68
2408,5,5,1,1564,764,2,279
2409,3,0,28,692,355,0,151
2410,5,4,10,810,96,0,347
2411,1,3,7,1429,144,1,47
2412,3,5,24,2203,101,2,38
2413,2,5,23,4678,310,2,62
2414,1,5,20,142,51,1,233
2415,4,0,11,799,216,1,6
2416,4,1,10,88,408,0,66
2417,5,1,9,249,157,1,237
2418,2,3,22,259,166,1,261
2419,4,2,29,144,556,0,180
2420,3,4,26,1684,861,2,161
2421,5,3,24,2954,458,2,73
2422,3,2,23,526,287,2,334
2423,4,4,2,3726,340,2,75
2424,4,2,19,1241,294,1,317
2425,3,2,12,1116,87,1,105
2426,1,1,28,1371,673,0,48
2427,4,3,24,2339,208,2,250
2428,1,4,9,1338,204,1,227
2429,0,2,9,801,195,1,53
2430,0,4,1,4938,919,2,146
2431,5,5,16,2131,249,0,342
2432,0,6,0,3146,900,2,80
2433,5,3,11,1267,180,1,343
2434,4,6,29,2850,452,0,0
2435,5,1,23,3877,822,2,134
2436,5,1,8,1438,857,2,335
2437,1,1,21,1430,568,0,178
2438,1,2,19,1493,297,1,186
2439,4,3,17,289,219,1,290
2440,1,6,16,165,120,0,316
2441,0,4,2,2322,398,2,208
2442,0,2,28,1186,684,0,69
2443,1,1,15,2696,645,0,75
2444,1,5,6,2557,415,2,105
2445,2,2,26,2102,198,2,57
2446,3,6,0,1134,150,2,223
2447,2,5,27,2412,551,0,27
2448,1,4,29,653,327,0,363
2449,1,0,19,1229,111,1,129
2450,5,3,13,1631,540,0,164
2451,2,2,3,1417,233,2,158
2452,3,3,27,1674,582,0,240
2453,1,6,16,1927,377,0,127
2454,3,0,22,1411,145,1,62
2455,0,6,29,1702,673,0,51
2456,1,3,24,2966,417,2,122
2457,5,6,7,707,291,1,37
2458,4,2,11,622,296,1,151
2459,2,3,25,506,63,1,112
2460,5,3,24,4881,401,2,285
2461,0,4,1,2083,732,2,165
2462,4,0,8,3919,249,2,6
2463,4,5,26,3338,804,2,23
2464,4,0,2,1106,156,2,364
2465,2,5,9,824,109,1,231
2466,2,2,26,3414,269,2,151
2467,5,0,11,329,229,1,67
2468,3,6,17,783,246,1,139
2469,3,4,19,138,262,1,10
2470,0,6,13,2073,250,0,112
2471,2,3,26,2925,727,2,301
2472,5,5,14,268,458,0,259
2473,4,2,18,1344,136,1,156
2474,3,1,11,960,27,1,316
2475,3,3,24,889,853,2,51
2476,0,3,15,978,670,0,334
2477,3,1,24,4622,504,2,98
2478,5,5,18,348,225,1,295
2479,5,2,12,737,232,1,205
2480,0,3,25,249,215,1,362
2481,5,3,3,4147,894,2,72
2482,3,1,24,1384,474,2,5
2483,5,0,0,1323,535,2,112
2484,4,5,26,393,162,2,217
2485,4,6,27,1923,126,0,272
2486,2,4,1,3591,910,2,309
2487,1,1,15,2777,86,0,29
2488,4,6,3,3978,190,2,163
2489,1,0,4,412,68,0,10
2490,3,6,22,264,38,1,299
2491,1,3,8,4522,429,2,294
2492,5,2,3,2963,278,2,108
2493,0,2,10,2838,451,0,30
2494,4,5,22,190,279,1,78
2495,0,5,16,2363,42,0,67
2496,0,5,10,1176,671,0,329
2497,2,4,3,2279,713,2,140
2498,0,5,15,1920,483,0,144
2499,1,1,5,3332,741,2,151
2500,0,0,6,734,76,2,273
2501,3,6,7,905,73,1,277
2502,1,2,10,1896,302,0,297
2503,5,0,12,396,109,1,149
2504,0,0,4,978,314,0,63
2505,5,1,29,2939,514,0,141
2506,0,2,0,1591,806,2,97
2507,0,2,22,476,192,1,55
2508,0,0,19,1276,222,1,264
2509,3,1,6,2149,466,2,4
2510,0,4,2,757,683,2,65
2511,3,4,13,2976,256,0,226
2512,2,3,19,1051,149,1,30
2513,0,3,12,1036,285,1,171
2514,4,0,15,1227,586,0,18
2515,1,6,25,1287,14,1,20
2516,1,3,24,2052,60,2,18
2517,4,5,14,2900,160,0,94
2518,1,6,1,2007,306,2,27
2519,0,1,11,384,179,1,87
2520,3,1,4,1854,39,0,184
2521,5,3,20,276,298,1,34
2522,3,2,19,1413,33,1,96
2523,1,2,20,1378,105,1,2
2524,0,0,24,4353,569,2,298
2525,3,2,13,1603,106,0,335
2526,3,5,6,1123,400,2,185
2527,3,1,18,472,224,1,301
2528,0,4,14,2069,384,0,180
2529,0,4,26,2628,514,2,250
2530,0,2,7,721,265,1,33
2531,3,1,20,362,271,1,181
2532,0,4,23,4403,188,2,170
2533,0,1,0,4006,854,2,220
2534,4,1,24,2190,131,2,309
2535,0,1,2,4558,302,2,61
2536,4,5,13,1095,171,0,215
2537,0,0,19,506,208,1,362
2538,4,6,4,228,223,0,160
2539,5,3,6,3078,876,2,112
2540,0,5,10,2149,678,0,113
2541,4,5,23,4030,132,2,111
2542,3,2,16,829,412,0,87
2543,1,4,17,640,13,1,353
2544,1,1,15,767,562,0,194
2545,0,5,28,121,216,0,77
2546,2,0,9,240,244,1,228
2547,4,3,25,938,109,1,63
2548,2,0,5,3257,307,2,39
2549,4,4,0,3178,869,2,200
2550,2,3,5,200,273,2,186
2551,5,4,0,2179,620,2,238
2552,4,1,20,1029,278,1,105
2553,5,0,18,96,283,1,209
2554,3,2,8,171,253,2,216
2555,5,6,3,2801,350,2,187
2556,4,2,18,52,130,1,336
2557,2,0,14,632,492,0,331
2558,2,3,22,733,116,1,204
2559,0,2,18,857,226,1,266
2560,3,6,12,1434,213,1,189
2561,1,4,22,526,44,1,97
2562,4,1,19,393,67,1,41
2563,4,4,27,1440,547,0,299
2564,4,6,17,465,294,1,218
2565,1,3,12,1360,247,1,314
2566,4,3,2,1427,571,2,241
2567,2,6,25,533,263,1,97
2568,1,4,21,911,622,0,252
2569,2,2,4,123,388,0,338
2570,2,3,29,1812,535,0,248
2571,5,1,7,562,73,1,296
2572,5,2,16,833,54,0,205
2573,5,2,21,843,40,0,317
2574,4,6,28,455,571,0,7
2575,0,1,3,4671,534,2,1
2576,4,4,18,1026,42,1,20
2577,4,2,0,504,124,2,245
2578,4,1,6,3367,845,2,87
2579,4,6,0,2385,387,2,360
2580,3,2,28,758,618,0,221
2581,0,6,2,4319,644,2,302
2582,1,2,26,546,875,2,34
2583,0,2,28,954,89,0,310
2584,5,6,2,3072,146,2,282
2585,0,2,0,905,68,2,281
2586,5,6,20,1054,210,1,89
2587,5,0,24,4638,81,2,76
2588,1,4,1,4541,776,2,28
2589,4,2,3,1317,620,2,315
2590,4,5,14,158,127,0,215
2591,3,5,21,1308,431,0,58
2592,0,6,12,331,117,1,209
2593,0,1,23,3569,407,2,189
2594,1,5,2,2795,468,2,225
2595,4,2,14,1063,551,0,298
2596,5,4,16,2526,698,0,301
2597,3,6,14,692,484,0,124
2598,1,5,11,516,187,1,142
2599,5,3,16,2570,691,0,240
2600,4,6,23,311,403,2,184
2601,4,0,18,259,201,1,35
2602,4,2,27,39,338,0,123
2603,5,1,15,1804,562,0,78
2604,1,4,6,1009,932,2,130
2605,0,5,4,750,573,0,303
2606,3,4,21,1983,365,0,71
2607,4,0,11,811,99,1,217
2608,4,0,27,1989,623,0,186
2609,1,1,23,3431,998,2,134
2610,1,5,19,745,217,1,44
2611,4,0,2,1283,503,2,302
2612,4,2,27,168,426,0,132
2613,5,3,4,1521,375,0,280
2614,5,1,13,1117,485,0,49
2615,1,6,9,1090,153,1,305
2616,1,2,17,534,224,1,282
2617,3,0,12,277,95,1,271
2618,1,3,22,1004,292,1,89
2619,0,4,17,938,24,1,8
2620,0,3,20,1339,145,1,215
2621,1,4,11,568,119,1,190
2622,4,5,21,1472,353,0,23
2623,2,4,15,1636,378,0,330
2624,5,1,7,659,6,1,47
2625,2,2,2,258,149,2,87
2626,4,1,19,468,55,1,334
2627,1,0,20,244,88,1,348
2628,3,1,7,1484,112,1,200
2629,0,2,22,1034,15,1,298
2630,1,3,18,736,96,1,301
2631,3,4,20,700,110,1,37
2632,3,4,5,958,861,2,164
2633,1,5,29,1888,638,0,331
2634,3,2,5,2298,906,2,18
2635,1,2,1,3907,98,2,284
2636,3,0,22,52,174,1,260
2637,5,1,8,3322,272,2,318
2638,4,6,14,1546,450,0,226
2639,1,6,22,343,15,1,254
2640,5,2,5,4200,907,2,75
2641,2,1,28,981,470,0,77
2642,4,5,9,292,75,1,76
2643,3,4,16,90,230,0,28
2644,3,0,25,849,118,1,80
2645,5,6,23,470,936,2,122
2646,1,2,21,1634,128,0,213
2647,3,2,29,2892,662,0,244
2648,1,3,1,3546,603,2,217
2649,2,0,15,355,374,0,217
2650,2,0,0,2305,590,2,214
2651,2,3,9,273,111,1,173
2652,5,3,28,934,473,0,313
2653,3,0,18,93,62,1,53
2654,3,6,26,3550,871,2,124
2655,2,3,23,446,273,2,155
2656,1,0,11,944,116,1,16
2657,0,1,23,1214,446,2,269
2658,1,0,21,1397,338,0,40
2659,0,6,17,881,150,1,238
2660,2,0,10,1644,411,0,348
2661,4,3,27,859,212,0,42
2662,4,1,14,2233,447,0,326
2663,1,5,11,1449,169,1,152
2664,1,6,15,506,10,0,120
2665,5,1,0,2678,389,2,341
2666,5,2,28,741,584,0,4
2667,5,2,25,287,282,1,124
2668,5,3,8,2615,947,2,1
2669,0,0,8,1179,398,2,192
2670,0,5,29,1255,146,0,43
2671,5,1,21,2300,222,0,246
2672,3,5,18,650,202,1,107
2673,3,1,5,4974,294,2,252
2674,5,6,28,93,369,0,39
2675,1,1,21,2530,18,0,240
2676,5,6,8,1983,251,2,287
2677,1,5,0,2377,77,2,116
2678,0,3,26,3609,116,2,206
2679,0,5,24,4892,515,2,172
2680,2,0,2,2131,365,2,83
2681,4,5,20,1202,103,1,48
2682,1,6,17,1041,127,1,350
2683,1,1,8,452,124,2,58
2684,4,5,7,1304,59,1,346
2685,4,3,4,434,20,0,95
2686,4,1,27,2118,428,0,279
2687,0,1,1,4028,78,2,309
2688,5,3,10,1369,115,0,52
2689,0,3,7,1147,119,1,325
2690,5,1,15,1867,658,0,199
2691,5,1,1,2070,406,2,230
2692,4,4,7,1424,72,1,43
2693,4,0,27,2212,431,0,201
2694,3,6,27,2456,41,0,207
2695,0,3,17,800,60,1,10
2696,0,4,14,1882,291,0,26
2697,4,3,2,4291,268,2,149
2698,3,6,25,884,60,1,333
2699,3,5,14,1026,502,0,60
2700,5,3,23,1556,419,2,344
2701,3,0,7,528,86,1,193
2702,0,2,26,3429,868,2,259
2703,0,2,7,872,23,1,338
2704,1,6,11,820,252,1,157
2705,4,3,29,2096,630,0,204
2706,1,1,25,644,55,1,100
2707,1,5,20,1103,92,1,200
2708,0,5,22,765,162,1,351
2709,4,1,29,2225,583,0,152
2710,3,5,20,921,184,1,365
2711,5,0,24,4112,731,2,346
2712,0,1,5,2415,428,2,345
2713,4,3,11,561,109,1,354
2714,4,5,16,2286,636,0,97
2715,2,0,8,3782,201,2,280
2716,5,2,9,168,292,1,246
2717,2,3,9,571,40,1,227
2718,3,4,16,841,499,0,330
2719,2,3,0,607,326,2,313
2720,1,0,4,1514,580,0,301
2721,2,2,24,1320,673,2,138
2722,2,3,5,2917,252,2,224
2723,5,2,26,1442,920,2,355
2724,5,2,6,1886,720,2,266
2725,4,2,14,2943,514,0,245
2726,4,0,25,631,274,1,211
2727,4,6,15,2768,312,0,240
2728,0,0,17,626,166,1,331
2729,4,2,20,1456,64,1,200
2730,0,3,12,858,258,1,126
2731,4,1,25,485,100,1,341
2732,4,3,25,984,69,1,66
2733,1,3,18,1035,251,1,352
2734,1,2,27,2670,577,0,230
2735,0,5,12,361,6,1,296
2736,3,1,1,993,781,2,253
2737,1,1,6,1808,373,2,23
2738,2,5,9,719,35,1,195
2739,5,6,10,2843,654,0,105
2740,0,6,12,540,187,1,220
2741,1,0,16,928,623,0,185
2742,1,4,7,539,89,1,247
2743,5,1,3,1328,409,2,10
2744,5,4,14,221,689,0,188
2745,3,2,2,826,963,2,29
2746,1,4,4,2767,101,0,331
2747,4,2,7,282,27,1,164
2748,5,2,15,427,565,0,111
2749,4,2,4,2208,492,0,203
2750,4,1,11,1459,6,1,71
2751,1,0,6,3960,478,2,15
2752,1,5,2,850,954,2,157
2753,2,4,21,1178,387,0,172
2754,1,5,12,1471,43,1,246
2755,3,6,9,1193,204,1,65
2756,5,3,5,2994,375,2,353
2757,5,4,13,1481,256,0,208
2758,0,6,26,373,470,2,334
2759,4,2,20,1105,287,1,244
2760,5,1,6,722,972,2,68
2761,3,3,2,4180,270,2,110
2762,3,6,5,2144,702,2,345
2763,5,0,14,1862,638,0,250
2764,4,4,14,1880,578,0,262
2765,4,5,3,1599,705,2,245
2766,1,1,29,2874,239,0,119
2767,5,3,22,514,141,1,131
2768,3,5,7,1491,180,1,317
2769,0,4,0,1989,344,2,9
2770,5,5,4,1235,60,0,295
2771,2,1,29,1499,479,0,97
2772,5,6,28,29,543,0,8
2773,4,6,2,1392,341,2,318
2774,4,3,29,613,403,0,221
2775,5,1,2,3259,497,2,133
2776,3,0,19,682,207,1,52
2777,2,2,27,1769,336,0,198
2778,4,6,16,2988,238,0,272
2779,1,4,22,85,151,1,40
2780,2,2,19,1202,227,1,269
2781,2,3,21,1766,395,0,259
2782,0,2,27,1625,697,0,139
2783,5,5,7,666,249,1,162
2784,0,0,16,625,304,0,227
2785,5,4,19,960,297,1,2
2786,0,3,18,273,248,1,96
2787,5,3,22,313,32,1,272
2788,3,4,9,411,158,1,160
2789,5,0,28,681,630,0,154
2790,2,5,26,4487,516,2,181
2791,0,1,22,1448,11,1,134
2792,1,4,25,35,84,1,250
2793,2,1,8,3599,770,2,123
2794,0,0,11,1352,90,1,17
2795,3,2,25,954,225,1,356
2796,1,6,29,2946,297,0,140
2797,5,4,18,208,266,1,310
2798,1,5,27,1964,434,0,168
2799,3,2,26,1913,706,2,231
2800,0,2,2,585,989,2,191
2801,2,2,21,2918,278,0,221
2802,4,5,0,2127,358,2,191
2803,3,4,29,1569,402,0,311
2804,1,5,18,1271,51,1,147
2805,4,4,28,1499,691,0,159
2806,0,6,24,3369,592,2,107
2807,1,6,29,665,79,0,355
2808,5,4,8,4022,832,2,26
2809,5,5,26,2086,265,2,173
2810,2,5,7,236,119,1,219
2811,0,2,26,3317,954,2,164
2812,2,2,1,3446,151,2,322
2813,5,1,8,720,259,2,286
2814,5,4,8,3678,149,2,33
2815,2,2,17,650,263,1,17
2816,5,6,0,3951,491,2,49
2817,2,6,2,4139,328,2,66
2818,0,1,22,275,238,1,102
2819,1,4,21,2778,671,0,296
2820,2,6,5,1522,893,2,4
2821,2,3,13,825,442,0,282
2822,3,0,7,917,234,1,66
2823,4,4,29,1014,152,0,28
2824,1,5,0,746,805,2,192
2825,1,0,1,4741,420,2,44
2826,3,2,17,435,107,1,216
2827,1,4,28,1130,335,0,190
2828,0,5,29,2935,468,0,240
2829,0,4,16,2334,556,0,150
2830,3,6,20,85,254,1,0
2831,4,3,8,2309,600,2,299
2832,4,0,4,2150,506,0,293
2833,3,3,23,2616,107,2,227
2834,0,4,16,235,259,0,191
2835,3,0,8,2471,543,2,296
2836,1,3,18,595,245,1,110
2837,4,0,2,3445,149,2,173
2838,5,4,27,2451,345,0,140
2839,5,4,20,1308,247,1,326
2840,5,6,8,1207,780,2,22
2841,5,0,22,749,20,1,262
2842,0,6,26,3853,351,2,140
2843,3,0,20,211,168,1,95
2844,2,2,4,810,695,0,30
2845,4,3,26,1416,820,2,347
2846,0,2,11,394,146,1,152
2847,5,3,28,582,42,0,108
2848,2,4,16,2010,278,0,219
2849,1,1,29,2165,148,0,143
2850,5,2,0,396,775,2,305
2851,2,5,22,1238,186,1,162
2852,5,0,26,424,779,2,127
2853,2,5,6,2936,860,2,354
2854,1,5,18,689,76,1,32
2855,4,1,7,145,241,1,296
2856,1,4,28,2493,373,0,277
2857,0,2,7,861,21,1,58
2858,1,2,1,4510,339,2,225
2859,0,0,13,2357,688,0,337
2860,1,5,9,308,240,1,63
2861,3,2,26,2555,278,2,142
2862,5,6,8,1968,909,2,315
2863,5,3,16,2312,398,0,303
2864,5,0,16,82,130,0,133
2865,5,3,8,4287,741,2,176
2866,1,1,3,897,50,2,114
2867,4,2,6,2305,570,2,226
2868,5,4,5,4516,349,2,118
2869,0,1,7,1311,252,1,186
2870,2,4,1,4477,880,2,193
2871,4,1,9,97,57,1,150
2872,2,2,4,763,52,0,319
2873,2,1,21,31,309,0,31
2874,3,5,14,769,679,0,172
2875,5,3,5,360,361,2,330
2876,1,0,4,463,52,0,55
2877,4,0,21,2975,169,0,71
2878,3,1,4,2900,197,0,258
2879,0,2,12,152,210,1,243
2880,2,1,14,932,574,0,63
2881,0,2,24,1017,147,2,58
2882,1,2,27,2908,511,0,77
2883,4,3,16,1198,498,0,305
2884,0,0,17,1235,13,1,123
2885,1,6,14,763,594,0,295
2886,4,4,2,2905,891,2,99
2887,3,0,14,1904,483,0,92
2888,0,3,3,4091,829,2,327
2889,4,6,17,235,122,1,208
2890,4,2,22,1288,85,1,252
2891,1,1,5,1652,408,2,266
2892,2,3,7,922,233,1,229
2893,0,4,21,728,21,0,341
2894,3,6,6,4708,361,2,139
2895,5,5,10,77,14,0,326
2896,3,3,5,2456,208,2,5
2897,5,1,10,1641,191,0,276
2898,0,5,16,1412,534,0,216
2899,1,5,12,1397,100,1,235
2900,4,3,17,1224,130,1,333
2901,1,2,19,348,147,1,230
2902,2,1,16,191,437,0,229
2903,0,4,18,976,23,1,322
2904,3,5,0,3687,454,2,119
2905,1,3,7,1220,73,1,260
2906,4,2,0,467,545,2,12
2907,5,0,1,1272,584,2,61
2908,4,6,14,358,574,0,263
2909,1,6,13,868,273,0,17
2910,2,1,13,752,632,0,363
2911,5,0,24,4340,968,2,84
2912,3,2,25,1491,205,1,89
2913,1,0,22,1400,137,1,108
2914,2,2,26,1918,466,2,162
2915,5,5,10,2217,294,0,197
2916,3,5,27,2337,128,0,281
2917,1,0,6,4744,810,2,117
2918,3,6,2,2385,317,2,58
2919,4,5,12,428,32,1,174
2920,3,6,10,2415,32,0,178
2921,5,4,19,635,163,1,243
2922,3,5,19,1388,96,1,277
2923,1,0,3,3387,970,2,186
2924,2,0,11,523,296,1,214
2925,3,4,10,907,320,0,325
2926,5,3,4,533,551,0,4
2927,2,5,19,409,44,1,159
2928,1,6,0,1385,522,2,259
2929,0,6,24,322,861,2,84
2930,2,6,10,113,627,0,197
2931,1,3,2,4160,163,2,170
2932,1,3,9,1364,273,1,27
2933,5,1,25,20,128,1,45
2934,4,1,28,2723,78,0,101
2935,3,1,3,3718,992,2,66
2936,1,2,12,1149,142,1,286
2937,5,3,4,605,311,0,15
2938,2,6,21,486,651,0,153
2939,1,5,23,4187,645,2,2
2940,4,1,12,922,257,1,128
2941,0,1,20,1398,283,1,229
2942,4,2,6,2956,694,2,276
2943,3,0,1,840,366,2,19
2944,1,6,13,2920,590,0,323
2945,5,3,3,3667,806,2,20
2946,0,5,16,926,411,0,323
2947,2,1,17,794,53,1,75
2948,5,2,5,4435,300,2,138
2949,3,0,14,1244,343,0,280
2950,2,5,0,4107,571,2,70
2951,1,5,26,4183,933,2,182
2952,5,2,19,735,36,1,142
2953,0,0,3,4957,466,2,278
2954,0,2,15,1524,254,0,234
2955,2,2,14,1700,360,0,329
2956,0,2,28,2115,482,0,263
2957,4,6,24,1228,925,2,195
2958,3,2,17,1188,158,1,122
2959,3,6,22,793,110,1,339
2960,4,4,7,553,65,1,250
2961,0,1,12,201,66,1,339
2962,0,2,23,2268,702,2,289
2963,0,5,21,1163,244,0,321
2964,4,1,25,1455,259,1,282
2965,1,5,21,651,505,0,46
2966,5,0,28,2135,654,0,228
2967,0,4,29,2311,590,0,333
2968,3,1,24,3817,328,2,75
2969,0,2,28,1852,323,0,77
2970,5,2,10,451,663,0,190
2971,2,1,2,855,522,2,62
2972,2,2,14,2894,343,0,319
2973,3,2,25,807,78,1,353
2974,0,3,2,2212,803,2,33
2975,0,5,15,715,326,0,13
2976,5,5,14,2476,153,0,138
2977,2,0,21,217,372,0,356
2978,3,1,20,994,143,1,267
2979,5,1,22,262,65,1,254
2980,3,5,12,1098,114,1,254
2981,0,3,23,155,296,2,36
2982,0,1,7,125,91,1,103
2983,3,2,19,1260,36,1,181
2984,1,5,11,759,135,1,38
2985,3,2,13,2328,429,0,112
2986,5,2,26,1421,433,2,359
2987,2,2,7,1422,41,1,45
2988,3,0,20,1015,192,1,94
2989,3,5,4,1736,546,0,146
2990,5,6,15,2278,544,0,343
2991,5,1,28,359,71,0,83
2992,2,1,28,105,502,0,220
2993,3,1,22,801,159,1,256
2994,5,3,24,709,802,2,154
2995,2,2,24,1317,330,2,239
2996,4,3,4,2830,180,0,297
2997,1,1,27,834,44,0,312
2998,3,3,11,77,191,1,4
2999,4,5,22,795,291,1,164
3000,0,5,15,412,332,0,6
3001,2,0,9,1323,204,1,180
3002,5,5,26,1808,75,2,107
3003,4,0,27,890,363,0,245
3004,5,5,15,52,435,0,10
3005,4,5,20,1256,107,1,300
3006,0,0,23,1793,798,2,152
3007,3,0,12,657,236,1,248
3008,5,3,4,1814,31,0,260
3009,0,6,9,395,117,1,290
3010,4,6,29,2899,600,0,236
3011,2,6,17,557,247,1,8
3012,0,3,1,4609,793,2,103
3013,3,0,6,3085,304,2,228
3014,1,2,27,2098,34,0,127
3015,4,4,9,295,141,1,236
3016,2,2,5,4885,966,2,227
3017,4,3,20,1287,198,1,92
3018,3,4,28,2464,639,0,295
3019,5,1,3,211,211,2,210
3020,5,1,17,58,258,1,154
3021,5,6,11,383,126,1,200
3022,1,2,3,3612,487,2,322
3023,2,5,25,187,87,1,75
3024,0,6,27,2936,392,0,358
3025,1,1,7,1485,202,1,364
3026,2,1,7,1499,94,1,334
3027,3,1,4,786,69,0,172
3028,3,2,12,1378,192,1,111
3029,4,5,24,2075,356,2,178
3030,2,3,8,4908,228,2,134
3031,3,2,27,2533,280,0,290
3032,5,4,27,2575,679,0,252
3033,1,6,24,3886,792,2,26
3034,0,1,0,4524,836,2,56
3035,2,0,18,1243,246,1,32
3036,5,5,27,1092,369,0,73
3037,4,3,15,1723,587,0,248
3038,1,4,18,1450,124,1,144
3039,2,3,11,1498,222,1,333
3040,1,6,3,2114,568,2,246
3041,1,1,4,954,597,0,340
3042,3,3,11,831,215,1,312
3043,3,4,19,910,135,1,344
3044,1,3,18,267,59,1,354
3045,4,5,26,2711,527,2,169
3046,5,2,8,1744,805,2,205
3047,3,5,24,666,488,2,312
3048,2,4,14,229,30,0,118
3049,5,2,15,552,441,0,128
3050,4,1,5,176,222,2,348
3051,0,5,21,2880,144,0,266
3052,3,6,18,924,251,1,184
3053,1,6,3,4998,635,2,230
3054,2,0,13,2100,695,0,53
3055,3,2,11,731,126,1,192
3056,5,0,25,1303,235,1,182
3057,0,3,15,1788,100,0,243
3058,4,4,1,2293,334,2,75
3059,2,0,12,785,245,1,266
3060,3,6,17,1291,65,1,100
3061,5,0,25,19,244,1,300
3062,4,2,10,724,236,0,271
3063,0,1,3,2362,316,2,210
3064,3,2,23,409,188,2,209
3065,5,2,19,621,27,1,365
3066,0,4,23,1260,420,2,297
3067,3,4,2,4741,458,2,328
3068,0,3,18,310,42,1,27
3069,1,3,26,3172,796,2,82
3070,4,3,17,1422,86,1,61
3071,4,3,27,1699,260,0,221
3072,2,1,9,776,167,1,322
3073,2,5,16,2699,261,0,307
3074,0,1,14,1187,614,0,141
3075,2,5,27,238,475,0,198
3076,0,1,15,2360,25,0,46
3077,3,0,0,2455,289,2,173
3078,5,4,1,169,895,2,347
3079,1,3,3,2001,426,2,248
3080,0,1,4,594,467,0,179
3081,3,4,5,382,667,2,321
3082,0,2,18,1096,258,1,340
3083,0,2,15,2312,639,0,272
3084,4,2,20,863,41,1,96
3085,3,0,22,607,6,1,291
3086,2,2,21,1113,513,0,75
3087,0,6,17,575,147,1,26
3088,5,3,2,3130,64,2,314
3089,5,4,4,2025,427,0,106
3090,2,2,25,699,80,1,164
3091,3,3,13,2093,81,0,2
3092,3,3,29,379,17,0,264
3093,4,4,19,970,38,1,360
3094,0,3,8,1317,475,2,310
3095,0,3,5,4973,237,2,356
3096,5,5,1,3297,420,2,217
3097,0,3,29,1566,619,0,131
3098,0,2,24,4833,732,2,219
3099,3,1,29,1246,236,0,326
3100,4,2,21,990,245,0,278
3101,0,1,20,269,119,1,30
3102,2,3,22,1055,14,1,124
3103,4,0,9,1030,187,1,128
3104,2,4,4,917,418,0,356
3105,1,4,25,862,123,1,115
3106,4,6,27,494,187,0,224
3107,4,1,0,757,427,2,119
3108,4,2,17,394,147,1,312
3109,5,4,18,335,232,1,322
3110,5,5,1,3353,207,2,13
3111,1,6,1,2515,974,2,262
3112,4,3,11,693,264,1,329
3113,3,5,11,144,64,1,315
3114,5,5,8,318,322,2,234
3115,4,0,7,605,165,1,306
3116,3,1,14,1503,481,0,306
3117,4,4,9,1195,121,1,204
3118,5,5,27,1495,94,0,317
3119,1,5,23,3977,642,2,298
3120,3,4,24,3491,557,2,348
3121,5,1,12,972,193,1,241
3122,0,1,9,132,213,1,119
3123,2,3,5,2499,244,2,154
3124,4,5,0,4414,585,2,93
3125,5,5,20,1073,225,1,17
3126,1,3,29,1046,411,0,148
3127,1,0,10,2324,104,0,165
3128,5,4,10,2948,621,0,346
3129,0,0,21,426,354,0,181
3130,3,5,3,143,681,2,150
3131,5,6,10,1501,337,0,235
3132,5,4,0,1154,799,2,291
3133,1,4,19,721,20,1,291
3134,0,5,15,2107,169,0,23
3135,1,0,29,1627,84,0,134
3136,1,1,14,186,557,0,327
3137,1,4,27,265,539,0,127
3138,3,4,1,759,773,2,20
3139,3,6,5,4607,398,2,295
3140,1,0,6,792,55,2,146
3141,4,2,4,2384,530,0,2
3142,1,4,22,1489,220,1,313
3143,5,6,21,2621,373,0,202
3144,3,6,4,291,474,0,346
3145,3,3,4,707,340,0,240
3146,3,6,14,682,506,0,60
3147,1,5,26,3617,72,2,350
3148,2,3,8,4705,820,2,273
3149,2,3,16,1947,109,0,178
3150,4,0,5,2627,171,2,104
3151,4,6,4,2356,672,0,179
3152,4,6,9,30,30,1,29
3153,2,2,7,1487,128,1,173
3154,2,2,23,4785,508,2,86
3155,0,3,21,1729,333,0,41
3156,2,0,0,3033,471,2,335
3157,3,3,9,33,267,1,293
3158,2,4,26,4925,464,2,227
3159,2,1,8,2105,177,2,289
3160,5,0,8,1983,717,2,115
3161,0,0,13,2364,652,0,285
3162,1,3,18,199,23,1,74
3163,1,3,0,1363,297,2,70
3164,3,4,21,734,252,0,313
3165,0,3,13,892,198,0,256
3166,4,4,22,261,129,1,26
3167,4,5,20,1047,87,1,60
3168,4,5,0,3491,548,2,195
3169,4,4,8,1678,394,2,89
3170,3,1,28,1093,365,0,45
3171,0,4,26,4748,906,2,86
3172,4,5,24,4060,838,2,205
3173,3,2,7,54,193,1,354
3174,4,3,21,2257,355,0,145
3175,3,0,24,3249,249,2,271
3176,3,1,4,1592,267,0,245
3177,1,5,24,1723,787,2,97
3178,0,5,25,880,95,1,230
3179,3,4,3,3661,801,2,323
3180,2,3,19,386,80,1,353
3181,3,3,12,1299,255,1,0
3182,2,0,22,87,80,1,264
3183,0,0,20,773,209,1,131
3184,0,1,18,1398,126,1,53
3185,0,5,7,1245,178,1,210
3186,2,6,0,184,756,2,358
3187,3,6,12,877,122,1,71
3188,1,6,28,529,139,0,139
3189,4,6,26,3152,476,2,357
3190,5,0,17,1343,236,1,251
3191,4,1,13,1770,47,0,55
3192,3,0,23,4635,384,2,183
3193,2,1,14,456,408,0,294
3194,2,6,9,466,202,1,278
3195,3,2,21,2679,453,0,178
3196,1,0,26,3484,899,2,72
3197,1,3,20,237,251,1,184
3198,1,0,2,3842,678,2,51
3199,5,1,10,760,604,0,179
3200,0,6,3,1172,765,2,330
3201,2,0,26,3909,110,2,291
3202,2,2,15,1914,612,0,238
3203,5,0,2,4833,62,2,89
3204,4,0,28,1937,459,0,134
3205,4,6,23,992,769,2,70
3206,1,5,3,4882,349,2,352
3207,5,0,16,1138,101,0,186
3208,2,6,6,1841,393,2,147
3209,4,2,25,1172,122,1,331
3210,5,3,26,287,632,2,115
3211,4,4,14,1335,619,0,295
3212,2,3,6,4188,682,2,150
3213,0,6,0,1209,291,2,85
3214,0,6,23,4857,276,2,345
3215,2,4,29,353,52,0,288
3216,1,3,8,4374,313,2,105
3217,3,4,29,520,652,0,348
3218,0,1,5,1070,933,2,276
3219,5,5,27,758,378,0,364
3220,1,3,16,1174,458,0,89
3221,1,5,5,3240,229,2,62
3222,2,0,20,700,181,1,172
3223,0,1,6,2614,446,2,85
3224,5,5,29,1069,51,0,357
3225,2,0,18,856,7,1,270
3226,2,0,10,1585,665,0,144
3227,2,2,21,1787,573,0,117
3228,5,4,12,1328,201,1,139
3229,2,2,23,4275,741,2,48
3230,2,3,22,1203,286,1,147
3231,5,3,16,2548,192,0,192
3232,5,2,9,242,230,1,263
3233,3,6,10,2123,30,0,300
3234,2,3,15,2679,417,0,158
3235,2,6,18,51,269,1,45
3236,2,3,13,886,422,0,237
3237,5,6,4,168,584,0,359
3238,3,2,28,1118,462,0,153
3239,1,6,26,4903,247,2,98
3240,5,4,8,1797,238,2,340
3241,1,1,29,832,32,0,242
3242,3,1,6,2930,399,2,274
3243,5,0,1,4104,820,2,134
3244,1,6,0,1022,619,2,153
3245,4,2,3,3877,183,2,52
3246,5,2,1,1593,70,2,345
3247,2,2,7,49,196,1,287
3248,0,4,20,1181,20,1,171
3249,5,5,4,1601,280,0,87
3250,1,3,22,1408,124,1,96
3251,4,5,7,155,272,1,24
3252,1,2,20,1320,168,1,127
3253,1,1,28,2458,181,0,277
3254,3,2,9,782,125,1,221
3255,5,6,2,447,707,2,66
3256,2,3,12,333,126,1,350
3257,0,6,10,665,143,0,27
3258,4,5,17,1448,104,1,35
3259,5,0,4,1378,574,0,129
3260,0,0,29,49,249,0,221
3261,3,6,1,3167,441,2,177
3262,3,1,16,1057,33,0,128
3263,3,5,2,1963,143,2,136
3264,0,4,23,1223,315,2,81
3265,3,1,6,1452,611,2,4
3266,3,5,9,832,53,1,284
3267,4,6,1,4706,851,2,121
3268,5,4,8,1850,714,2,158
3269,0,0,12,1413,61,1,196
3270,0,0,9,761,282,1,80
3271,4,5,24,1720,422,2,120
3272,1,1,6,1017,300,2,363
3273,4,2,14,1562,635,0,128
3274,5,5,24,468,356,2,289
3275,0,3,1,4511,864,2,112
3276,4,2,16,1589,60,0,230
3277,4,1,27,858,472,0,122
3278,0,2,3,3694,609,2,128
3279,5,4,5,1858,146,2,5
3280,0,6,23,937,212,2,228
3281,5,5,14,777,580,0,47
3282,3,5,23,4717,578,2,80
3283,5,3,28,2020,542,0,99
3284,2,6,19,1182,218,1,310
3285,4,5,16,93,397,0,305
3286,5,4,13,891,627,0,200
3287,5,3,10,2153,357,0,214
3288,0,4,29,93,440,0,314
3289,1,6,24,971,448,2,32
3290,5,5,3,1063,767,2,119
3291,0,4,4,2411,14,0,218
3292,0,3,28,1586,611,0,340
3293,5,3,25,297,101,1,127
3294,4,3,20,1197,228,1,324
3295,4,2,4,2550,330,0,93
3296,2,1,27,1625,700,0,208
3297,2,1,12,931,142,1,280
3298,2,3,1,797,873,2,96
3299,4,3,22,1244,291,1,37
3300,5,2,28,2873,35,0,44
3301,3,2,11,817,289,1,80
3302,4,2,0,1171,649,2,103
3303,1,3,22,733,293,1,22
3304,5,0,28,308,694,0,9
3305,0,2,25,961,12,1,8
3306,2,3,23,3846,416,2,12
3307,3,5,10,2726,692,0,224
3308,4,2,0,277,457,2,13
3309,3,3,17,558,35,1,302
3310,2,4,13,1756,301,0,91
3311,3,0,17,652,42,1,10
3312,2,5,28,2261,69,0,211
3313,3,4,3,4053,581,2,94
3314,5,6,23,2960,968,2,252
3315,5,5,2,2074,623,2,131
3316,3,0,23,3951,424,2,355
3317,5,3,27,844,191,0,271
3318,1,4,19,12,286,1,67
3319,5,6,21,2358,581,0,206
3320,5,3,4,2651,613,0,150
3321,4,4,8,3494,637,2,116
3322,2,5,29,2699,124,0,113
3323,2,6,0,3420,67,2,16
3324,4,6,4,242,149,0,207
3325,2,0,0,3499,236,2,35
3326,1,1,4,2800,546,0,77
3327,1,5,9,133,58,1,338
3328,4,0,25,822,206,1,255
3329,2,3,15,526,457,0,204
3330,1,4,3,4417,158,2,108
3331,4,0,16,2539,433,0,308
3332,3,4,28,1741,445,0,211
3333,3,0,22,833,59,1,286
3334,2,2,15,2397,128,0,215
3335,5,5,27,1659,157,0,52
3336,4,1,29,780,333,0,3
3337,2,2,24,3168,145,2,119
3338,5,3,20,1284,13,1,148
3339,4,2,17,1010,67,1,347
3340,0,0,16,493,115,0,130
3341,0,6,18,896,66,1,359
3342,0,0,2,4581,97,2,244
3343,3,2,21,2182,40,0,351
3344,5,0,3,1184,998,2,66
3345,2,2,23,3653,303,2,8
3346,1,1,21,2393,511,0,110
3347,0,5,1,978,56,2,220
3348,5,1,29,2028,48,0,239
3349,5,6,23,2748,179,2,180
3350,5,4,20,1032,199,1,295
3351,0,3,0,2596,531,2,43
3352,4,2,27,104,245,0,290
3353,1,6,17,472,256,1,51
3354,1,5,18,1338,64,1,36
3355,5,2,22,754,118,1,196
3356,2,4,24,1489,782,2,195
3357,0,6,15,2561,35,0,123
3358,5,3,19,377,206,1,336
3359,5,4,23,546,818,2,266
3360,0,2,24,4491,387,2,158
3361,3,1,24,2404,313,2,364
3362,4,1,9,1146,114,1,20
3363,3,1,9,118,108,1,352
3364,2,4,14,1814,201,0,138
3365,4,0,23,1726,915,2,34
3366,1,4,25,39,17,1,229
3367,1,4,13,2202,125,0,211
3368,1,5,21,1737,76,0,44
3369,4,1,20,891,161,1,355
3370,2,0,29,2891,526,0,276
3371,1,2,8,3056,180,2,162
3372,2,3,16,1208,597,0,207
3373,2,2,5,2190,540,2,167
3374,4,1,2,1999,361,2,168
3375,2,5,3,4099,381,2,298
3376,4,0,11,1139,87,1,205
3377,3,2,21,2872,491,0,333
3378,5,6,13,2795,577,0,292
3379,2,5,19,531,159,1,162
3380,3,4,18,677,265,1,284
3381,4,4,24,3495,604,2,189
3382,3,3,11,619,76,1,260
3383,4,4,10,1206,575,0,278
3384,4,4,26,766,67,2,226
3385,3,0,17,1156,112,1,292
3386,0,3,20,667,71,1,60
3387,1,1,15,1072,144,0,138
3388,0,0,13,1665,634,0,354
3389,5,5,16,2676,59,0,178
3390,5,5,10,2748,19,0,275
3391,2,2,22,1045,282,1,86
3392,4,5,13,222,361,0,108
3393,3,5,4,2365,169,0,280
3394,5,4,17,322,257,1,316
3395,5,0,20,306,76,1,208
3396,2,1,17,262,11,1,173
3397,4,0,11,733,128,1,38
3398,0,5,2,418,435,2,259
3399,0,1,9,566,223,1,137
3400,5,0,8,3795,116,2,53
3401,2,6,0,3533,867,2,237
3402,5,4,1,2553,933,2,147
3403,3,0,12,356,272,1,266
3404,0,5,6,1577,348,2,355
3405,5,2,19,1090,288,1,86
3406,1,0,21,2091,449,0,33
3407,4,5,14,2493,448,0,152
3408,3,0,29,1564,96,0,246
3409,5,2,17,250,70,1,335
3410,4,0,13,2372,463,0,150
3411,0,3,8,4942,977,2,159
3412,1,3,16,1177,404,0,46
3413,1,6,21,2828,340,0,249
3414,4,6,8,4472,384,2,343
3415,2,1,29,1841,382,0,32
3416,3,6,17,320,168,1,168
3417,3,6,27,1234,369,0,29
3418,0,2,8,4381,826,2,88
3419,1,5,26,2980,629,2,263
3420,1,2,8,3601,147,2,307
3421,2,1,28,1611,205,0,227
3422,3,5,18,1155,23,1,173
3423,1,3,21,489,289,0,242
3424,1,5,27,20,492,0,40
3425,4,2,16,69,354,0,288
3426,4,3,6,1634,365,2,223
3427,5,4,13,2790,577,0,255
3428,2,2,11,1378,135,1,2
3429,1,0,26,1715,435,2,178
3430,2,3,26,4995,62,2,306
3431,4,2,28,1489,38,0,360
3432,3,1,21,327,192,0,295
3433,3,5,25,422,187,1,104
3434,0,0,27,893,595,0,214
3435,3,2,9,1404,111,1,176
3436,2,4,7,1362,17,1,207
3437,2,3,15,87,445,0,60
3438,0,3,16,1867,581,0,257
3439,3,3,17,51,215,1,1
3440,0,6,29,2625,64,0,59
3441,3,0,5,2023,57,2,13
3442,5,3,25,161,284,1,338
3443,0,0,18,328,135,1,145
3444,0,6,1,644,867,2,348
3445,5,0,0,4341,138,2,71
3446,1,6,7,260,221,1,166
3447,4,5,0,2444,452,2,279
3448,4,1,20,1420,209,1,146
3449,3,2,15,1022,578,0,236
3450,1,3,20,1371,192,1,166
3451,2,6,20,536,274,1,254
3452,3,5,1,1750,630,2,36
3453,2,5,23,1437,474,2,320
3454,3,5,28,1317,583,0,109
3455,5,4,15,106,348,0,314
3456,5,4,10,135,544,0,265
3457,1,4,0,1970,596,2,326
3458,5,3,28,1911,99,0,329
3459,0,3,1,3535,594,2,160
3460,0,5,21,400,333,0,20
3461,1,0,19,1248,63,1,17
3462,5,4,28,2188,634,0,362
3463,4,3,3,1804,960,2,101
3464,0,3,12,373,66,1,253
3465,2,0,24,164,166,2,238
3466,0,2,22,1148,104,1,83
3467,5,3,16,2914,469,0,267
3468,1,5,24,2613,792,2,100
3469,0,4,1,2697,218,2,100
3470,5,3,23,2905,295,2,51
3471,3,3,3,3678,860,2,283
3472,4,4,15,292,461,0,185
3473,3,1,5,322,167,2,225
3474,5,0,15,518,561,0,148
3475,3,3,18,582,78,1,195
3476,2,3,29,2423,29,0,301
3477,3,3,1,1864,447,2,337
3478,2,4,15,729,501,0,89
3479,3,5,14,1565,697,0,208
3480,0,6,17,1072,73,1,364
3481,5,0,19,303,283,1,185
3482,0,5,11,84,11,1,171
3483,0,1,1,2821,206,2,221
3484,2,6,15,1628,161,0,8
3485,5,5,6,4650,961,2,293
3486,4,1,19,477,100,1,337
3487,5,6,17,1238,181,1,143
3488,2,3,21,216,452,0,276
3489,4,5,7,595,282,1,99
3490,5,2,16,1426,10,0,133
3491,3,5,27,1253,358,0,214
3492,5,4,19,1326,213,1,314
3493,2,6,6,3158,420,2,170
3494,5,4,3,375,320,2,234
3495,1,5,3,1675,382,2,235
3496,3,5,18,490,187,1,327
3497,1,0,0,3242,443,2,89
3498,0,3,1,2727,933,2,292
3499,0,2,26,4285,699,2,179
3500,2,5,12,1006,278,1,168
3501,3,4,20,316,5,1,326
3502,3,4,1,1957,333,2,30
3503,5,4,8,3209,680,2,236
3504,4,5,13,670,445,0,207
3505,2,2,9,247,198,1,170
3506,4,3,7,1476,198,1,142
3507,3,5,2,290,452,2,63
3508,3,1,22,764,95,1,214
3509,5,6,28,714,117,0,300
3510,2,1,3,2162,442,2,127
3511,5,5,19,588,132,1,189
3512,4,0,18,206,160,1,71
3513,1,4,10,1210,410,0,256
3514,1,1,24,983,660,2,358
3515,3,2,10,2151,521,0,236
3516,1,2,14,523,137,0,262
3517,3,2,2,1978,245,2,349
3518,1,5,17,156,81,1,243
3519,2,6,13,2348,219,0,288
3520,2,6,16,1373,697,0,105
3521,3,3,19,373,113,1,106
3522,4,1,20,87,233,1,19
3523,4,3,0,1589,494,2,222
3524,1,1,23,3400,297,2,345
3525,4,6,9,785,45,1,196
3526,2,0,15,1278,172,0,123
3527,5,5,23,2427,309,2,251
3528,0,3,0,3765,691,2,241
3529,2,6,15,2362,509,0,49
3530,0,6,17,856,15,1,133
3531,0,3,3,4910,386,2,294
3532,1,0,12,1315,41,1,265
3533,1,5,5,4418,797,2,8
3534,5,6,5,3735,480,2,209
3535,0,3,7,1313,98,1,162
3536,0,0,26,2974,627,2,243
3537,0,2,20,683,267,1,41
3538,5,1,17,453,217,1,355
3539,4,0,11,1034,204,1,225
3540,5,6,17,305,264,1,174
3541,0,3,2,843,633,2,232
3542,3,5,18,627,37,1,145
3543,2,6,4,1509,93,0,84
3544,1,5,9,328,37,1,169
3545,3,4,13,2297,203,0,326
3546,3,4,0,4361,782,2,10
3547,5,2,26,849,136,2,118
3548,1,5,21,714,341,0,100
3549,3,0,19,37,186,1,128
3550,0,0,14,495,70,0,11
3551,2,6,21,2614,349,0,322
3552,5,3,29,963,432,0,314
3553,3,2,3,4712,603,2,20
3554,4,2,22,912,166,1,65
3555,3,3,23,2578,60,2,238
3556,5,6,0,4541,408,2,80
3557,2,1,22,78,230,1,140
3558,0,5,7,1108,250,1,133
3559,3,3,22,1432,173,1,210
3560,1,0,23,4123,637,2,206
3561,4,5,24,4399,906,2,147
3562,2,2,14,560,250,0,240
3563,3,6,7,382,115,1,158
3564,4,4,24,4789,904,2,289
3565,4,0,28,2979,184,0,218
3566,0,3,25,338,192,1,236
3567,2,1,26,395,563,2,342
3568,1,0,21,2605,166,0,340
3569,5,6,23,2279,118,2,204
3570,3,5,28,1274,195,0,233
3571,1,2,18,932,225,1,292
3572,0,6,9,1285,191,1,87
3573,1,6,25,391,203,1,62
3574,1,5,27,453,522,0,192
3575,1,1,17,1157,216,1,277
3576,5,2,27,2781,45,0,279
3577,2,1,25,18,92,1,171
3578,4,6,5,274,447,2,106
3579,1,0,0,3002,750,2,88
3580,5,1,9,753,281,1,338
3581,0,5,27,2251,355,0,42
3582,4,1,15,269,19,0,329
3583,5,0,14,1858,505,0,26
3584,4,0,24,2938,293,2,296
3585,0,1,26,844,933,2,107
3586,5,5,26,1281,495,2,129
3587,0,0,0,1496,226,2,365
3588,5,3,10,97,261,0,344
3589,4,4,12,304,138,1,269
3590,5,2,3,4789,200,2,75
3591,2,3,21,2072,547,0,324
3592,5,5,28,2338,67,0,248
3593,1,3,13,2240,652,0,221
3594,1,3,6,1781,401,2,190
3595,1,4,25,100,268,1,303
3596,0,3,12,870,131,1,348
3597,2,5,26,3252,107,2,285
3598,0,6,18,167,258,1,83
3599,5,2,20,277,276,1,39
3600,0,2,18,1333,250,1,286
3601,1,3,16,1051,548,0,80
3602,1,5,23,4669,447,2,184
3603,2,2,8,1880,634,2,49
3604,5,3,5,4286,982,2,45
3605,3,6,1,1754,633,2,128
3606,1,1,15,1973,651,0,85
3607,2,0,6,4056,970,2,219
3608,3,1,14,1683,601,0,322
3609,2,5,6,3799,651,2,190
3610,5,0,22,86,89,1,336
3611,3,3,10,21,242,0,348
3612,1,3,1,2396,676,2,250
3613,4,2,17,423,182,1,259
3614,2,1,25,829,239,1,328
3615,0,4,4,304,84,0,248
3616,2,3,16,801,427,0,105
3617,5,0,5,3491,796,2,97
3618,4,3,5,1212,651,2,244
3619,0,6,7,212,286,1,262
3620,3,1,7,1009,73,1,192
3621,2,0,16,2261,20,0,220
3622,5,5,15,2660,229,0,189
3623,0,5,28,601,143,0,174
3624,4,5,6,1670,267,2,348
3625,0,5,3,4435,693,2,289
3626,2,5,6,2725,122,2,272
3627,1,3,20,615,214,1,213
3628,5,2,17,1429,117,1,243
3629,1,4,24,2113,868,2,10
3630,3,3,16,1224,51,0,274
3631,4,2,23,886,275,2,344
3632,4,0,3,2018,340,2,348
3633,5,4,21,2172,303,0,68
3634,0,5,16,1992,428,0,349
3635,5,1,18,1251,237,1,14
3636,2,0,18,251,251,1,155
3637,0,6,22,1154,42,1,162
3638,0,5,1,4194,432,2,248
3639,1,2,10,2121,583,0,30
3640,0,3,23,2964,186,2,115
3641,4,1,21,2546,111,0,253
3642,0,0,26,206,597,2,227
3643,4,4,9,976,141,1,94
3644,1,6,24,4043,797,2,287
3645,0,3,14,1572,571,0,248
3646,1,3,18,1439,192,1,227
3647,0,2,1,3978,670,2,353
3648,3,2,24,3915,101,2,326
3649,0,2,8,4676,727,2,168
3650,3,2,14,840,173,0,118
3651,0,3,9,803,119,1,59
3652,2,4,2,305,926,2,327
3653,5,2,12,1191,160,1,24
3654,0,2,3,2789,812,2,270
3655,4,6,10,1490,503,0,54
3656,1,4,6,4540,698,2,147
3657,5,0,13,2119,24,0,331
3658,3,6,2,2676,545,2,120
3659,5,4,24,2883,822,2,1
3660,4,5,18,723,259,1,243
3661,0,5,7,1003,230,1,168
3662,2,3,27,479,373,0,91
3663,4,5,14,1618,526,0,100
3664,5,5,0,3496,117,2,102
3665,1,6,11,395,245,1,69
3666,0,6,22,456,180,1,14
3667,3,0,26,1485,348,2,200
3668,2,4,27,2151,342,0,335
3669,1,0,9,1315,101,1,27
3670,0,3,16,2813,63,0,236
3671,5,2,18,1236,247,1,202
3672,3,4,17,653,7,1,287
3673,1,2,20,1124,272,1,116
3674,3,2,25,177,298,1,192
3675,3,1,27,828,204,0,79
3676,2,5,19,399,290,1,274
3677,3,6,16,1829,28,0,188
3678,2,0,27,2025,431,0,324
3679,3,6,17,910,300,1,355
3680,2,0,26,596,824,2,292
3681,1,4,25,628,243,1,61
3682,5,2,21,206,472,0,345
3683,1,4,8,4831,743,2,38
3684,1,3,15,1644,363,0,71
3685,1,3,24,567,761,2,4
3686,2,3,20,113,240,1,319
3687,2,4,15,2827,170,0,252
3688,4,0,18,1337,249,1,116
3689,0,6,24,550,399,2,164
3690,5,2,5,1409,569,2,196
3691,5,3,21,346,29,0,239
3692,2,5,9,366,260,1,65
3693,5,1,4,745,687,0,226
3694,0,6,3,1585,217,2,320
3695,4,1,14,1736,489,0,200
3696,4,0,24,3683,982,2,307
3697,3,1,1,1530,510,2,260
3698,2,3,4,1660,55,0,199
3699,3,3,28,766,232,0,319
3700,2,4,0,1725,194,2,101
3701,2,2,10,2460,81,0,119
3702,4,0,22,983,220,1,47
3703,3,4,6,398,385,2,88
3704,2,1,29,404,42,0,211
3705,1,2,28,345,145,0,32
3706,2,2,4,1840,405,0,68
3707,3,4,23,1850,446,2,171
3708,4,4,1,1271,912,2,108
3709,1,2,1,2320,187,2,44
3710,4,3,14,1778,691,0,70
3711,5,3,16,713,428,0,273
3712,1,6,2,2864,846,2,197
3713,5,5,0,4080,799,2,153
3714,5,3,28,368,543,0,319
3715,1,6,0,1575,657,2,335
3716,5,4,7,382,264,1,56
3717,1,6,11,648,126,1,166
3718,0,4,8,3477,532,2,354
3719,3,2,16,2019,604,0,100
3720,1,6,24,2666,920,2,111
3721,2,6,19,739,212,1,274
3722,1,5,6,3302,262,2,283
3723,3,5,23,1805,463,2,53
3724,4,6,17,229,214,1,266
3725,5,6,26,922,224,2,122
3726,1,1,6,950,445,2,295
3727,1,6,2,4317,915,2,89
3728,5,2,19,252,110,1,10
3729,1,3,22,748,170,1,226
3730,1,6,21,500,62,0,52
3731,4,3,12,850,123,1,23
3732,4,1,14,379,285,0,126
3733,4,2,23,3696,674,2,105
3734,2,6,1,3440,308,2,246
3735,5,2,12,1184,181,1,233
3736,2,5,19,892,218,1,262
3737,4,5,6,4355,134,2,319
3738,1,0,6,3860,940,2,181
3739,1,0,22,200,27,1,184
3740,4,4,19,969,296,1,162
3741,4,0,16,292,671,0,306
3742,1,4,18,371,129,1,194
3743,2,0,21,365,59,0,13
3744,5,2,27,1672,654,0,40
3745,1,5,22,145,174,1,220
3746,4,0,5,2313,434,2,59
3747,5,1,7,164,211,1,99
3748,1,1,21,2230,314,0,115
3749,2,3,27,708,507,0,244
3750,3,1,22,844,26,1,362
3751,2,4,9,889,105,1,271
3752,3,5,7,1436,123,1,13
3753,3,0,15,2522,25,0,43
3754,0,6,11,1032,46,1,173
3755,0,1,26,2546,302,2,343
3756,4,1,6,1760,343,2,278
3757,1,5,0,3900,526,2,74
3758,5,4,5,507,670,2,76
3759,3,3,3,2446,259,2,331
3760,2,2,27,1023,500,0,334
3761,4,3,10,1583,601,0,92
3762,3,2,3,1219,466,2,52
3763,0,3,25,1478,257,1,25
3764,2,5,21,840,624,0,24
3765,1,4,15,1882,558,0,101
3766,1,2,6,2773,405,2,248
3767,1,1,24,689,687,2,190
3768,1,5,1,4416,437,2,38
3769,2,4,15,90,395,0,35
3770,2,4,24,4593,422,2,206
3771,0,3,14,2459,496,0,228
3772,5,5,6,1679,631,2,176
3773,2,3,16,2608,128,0,156
3774,0,5,0,2840,841,2,38
3775,3,6,29,177,539,0,10
3776,2,4,20,590,167,1,77
3777,5,5,12,63,297,1,75
3778,4,3,12,1400,158,1,331
3779,4,3,12,537,208,1,355
3780,1,5,8,1779,364,2,199
3781,4,5,10,132,350,0,155
3782,5,2,27,2629,627,0,127
3783,1,6,17,198,222,1,47
3784,2,3,23,1028,239,2,74
3785,2,5,27,2745,185,0,4
3786,4,3,5,151,270,2,158
3787,3,5,15,2769,532,0,21
3788,1,1,0,2082,494,2,171
3789,1,2,24,1736,530,2,126
3790,0,6,8,2208,932,2,246
3791,0,5,13,2140,348,0,234
3792,4,2,10,2394,554,0,100
3793,5,0,22,98,8,1,251
3794,4,5,4,2572,577,0,129
3795,2,4,4,481,41,0,114
3796,0,5,19,34,149,1,90
3797,1,0,26,2342,280,2,310
3798,3,3,17,953,230,1,214
3799,3,6,29,355,197,0,85
3800,2,3,4,872,641,0,304
3801,5,0,18,1253,71,1,293
3802,4,0,9,53,59,1,222
3803,2,6,22,1063,112,1,266
3804,3,1,0,2643,878,2,133
3805,1,1,1,2921,207,2,123
3806,1,3,26,1255,372,2,255
3807,1,1,11,1275,184,1,248
3808,3,2,23,2336,274,2,104
3809,0,5,15,2578,125,0,207
3810,1,1,24,4202,228,2,17
3811,1,4,10,1220,307,0,248
3812,5,4,26,2246,233,2,196
3813,1,6,12,761,52,1,186
3814,5,6,3,503,113,2,281
3815,3,5,12,219,105,1,237
3816,4,0,29,874,366,0,103
3817,1,1,0,799,685,2,183
3818,5,2,27,1017,283,0,32
3819,2,1,12,98,269,1,135
3820,5,4,21,887,246,0,16
3821,2,1,16,575,46,0,314
3822,3,6,7,206,143,1,110
3823,5,0,7,866,75,1,156
3824,0,3,7,1443,49,1,211
3825,0,4,10,597,267,0,325
3826,0,4,21,1480,652,0,193
3827,2,0,16,186,356,0,5
3828,4,0,22,504,23,1,234
3829,5,2,15,732,590,0,30
3830,2,6,15,1688,461,0,148
3831,3,4,20,961,169,1,52
3832,3,0,13,2488,182,0,222
3833,4,6,13,1864,643,0,4
3834,4,1,25,471,78,1,295
3835,0,6,4,2907,96,0,231
3836,4,1,18,681,115,1,3
3837,3,1,11,36,15,1,167
3838,0,3,20,1370,221,1,63
3839,5,5,17,1066,94,1,263
3840,0,6,24,4477,476,2,346
3841,1,6,26,4631,617,2,102
3842,5,0,22,283,185,1,332
3843,5,0,22,1331,235,1,59
3844,2,1,2,2314,551,2,15
3845,2,6,16,941,512,0,140
3846,4,4,10,1636,619,0,122
3847,0,6,23,3225,307,2,363
3848,0,6,28,1265,92,0,31
3849,5,3,29,1528,655,0,263
3850,5,2,27,2173,589,0,43
3851,0,3,26,4942,882,2,305
3852,2,2,19,897,183,1,261
3853,0,6,21,2835,86,0,0
3854,5,5,9,689,228,1,234
3855,2,2,17,598,195,1,149
3856,3,6,11,57,53,1,38
3857,5,6,23,1039,303,2,233
3858,2,4,4,263,611,0,55
3859,3,3,19,585,57,1,228
3860,0,1,12,52,239,1,217
3861,0,5,24,742,723,2,276
3862,1,4,17,1049,258,1,318
3863,1,4,5,451,615,2,36
3864,4,3,13,433,431,0,170
3865,3,3,27,1136,590,0,229
3866,0,2,15,2383,598,0,149
3867,1,5,24,4841,411,2,123
3868,0,0,7,1221,6,1,270
3869,4,0,21,2793,341,0,197
3870,1,6,24,2639,812,2,87
3871,2,1,9,826,229,1,57
3872,2,6,3,2682,845,2,152
3873,2,1,29,148,337,0,33
3874,3,4,6,4904,730,2,304
3875,5,1,18,1409,291,1,202
3876,1,6,9,922,168,1,0
3877,4,5,18,333,157,1,345
3878,4,5,10,1423,208,0,294
3879,0,4,23,3530,665,2,360
3880,0,3,2,1129,499,2,357
3881,2,5,14,1560,335,0,362
3882,5,1,11,604,36,1,134
3883,5,3,21,2886,549,0,110
3884,4,3,23,2116,267,2,133
3885,0,6,26,4752,762,2,124
3886,5,0,11,1485,125,1,253
3887,4,0,9,899,142,1,64
3888,2,0,26,4413,844,2,123
3889,4,6,15,1218,219,0,47
3890,1,3,26,2106,332,2,158
3891,4,1,5,4250,396,2,309
3892,0,1,6,3846,856,2,360
3893,4,2,4,1524,337,0,342
3894,3,3,0,4043,826,2,353
3895,2,5,5,366,432,2,92
3896,3,3,5,2949,527,2,295
3897,3,6,4,400,120,0,33
3898,2,5,18,323,212,1,31
3899,1,4,13,774,578,0,291
3900,3,4,20,1450,282,1,180
3901,2,1,0,3174,341,2,68
3902,5,6,23,4449,609,2,27
3903,2,0,9,1286,178,1,239
3904,0,4,11,859,144,1,364
3905,0,5,12,423,164,1,216
3906,5,4,2,1298,516,2,150
3907,1,3,25,1263,158,1,157
3908,1,6,28,2227,692,0,23
3909,4,4,5,3273,693,2,63
3910,1,1,9,509,198,1,304
3911,0,4,6,4347,241,2,236
3912,5,2,4,2502,372,0,7
3913,2,5,19,1436,126,1,20
3914,3,6,29,2696,13,0,314
3915,2,2,11,1286,157,1,126
3916,3,0,3,1040,560,2,65
3917,2,2,12,554,31,1,272
3918,5,3,2,1934,704,2,284
3919,5,4,29,1591,627,0,50
3920,5,6,7,27,184,1,266
3921,1,4,24,1853,410,2,299
3922,0,4,20,1396,81,1,112
3923,5,4,16,1264,635,0,236
3924,5,4,18,35,183,1,259
3925,5,4,11,143,63,1,106
3926,2,4,28,2512,297,0,166
3927,5,6,22,526,128,1,5
3928,4,1,18,619,37,1,90
3929,1,3,21,657,333,0,32
3930,2,6,16,862,629,0,44
3931,2,6,24,2842,62,2,39
3932,4,4,25,234,82,1,27
3933,2,5,8,3984,516,2,340
3934,2,3,4,2716,466,0,231
3935,0,2,14,2296,542,0,162
3936,3,4,23,3490,673,2,311
3937,3,5,10,2766,582,0,275
3938,5,6,16,838,43,0,276
3939,3,1,22,562,210,1,66
3940,0,5,17,66,210,1,223
3941,4,5,14,327,558,0,362
3942,5,3,14,2207,484,0,258
3943,1,5,4,1565,37,0,59
3944,1,6,25,484,109,1,244
3945,3,0,26,1018,672,2,249
3946,2,2,8,1640,411,2,244
3947,4,1,23,854,76,2,114
3948,1,6,1,3607,844,2,109
3949,0,5,27,2227,552,0,89
3950,4,2,3,1783,547,2,273
3951,1,6,18,643,251,1,337
3952,2,2,9,1402,240,1,151
3953,3,1,26,2898,284,2,234
3954,0,2,25,1432,209,1,213
3955,4,6,10,1322,70,0,272
3956,3,2,29,468,218,0,229
3957,2,5,21,616,425,0,234
3958,2,3,27,794,626,0,98
3959,0,0,26,204,985,2,174
3960,0,2,28,2177,578,0,125
3961,3,3,28,951,30,0,359
3962,5,1,20,1076,110,1,36
3963,2,6,27,1636,563,0,318
3964,5,4,11,1003,58,1,130
3965,5,1,11,692,94,1,72
3966,3,6,27,2319,686,0,27
3967,2,0,27,1806,443,0,82
3968,3,4,26,851,267,2,166
3969,0,4,2,3303,782,2,256
3970,0,2,18,186,249,1,188
3971,5,6,0,4125,721,2,317
3972,5,0,3,699,341,2,188
3973,1,4,10,1118,27,0,325
3974,3,5,9,1070,21,1,190
3975,4,5,20,1046,190,1,56
3976,4,6,11,1073,65,1,116
3977,5,1,26,4948,444,2,213
3978,0,0,4,2710,664,0,20
3979,4,0,28,163,49,0,348
3980,3,0,16,482,392,0,48
3981,2,6,17,1419,283,1,295
3982,1,1,27,2078,349,0,109
3983,5,1,5,1432,625,2,286
3984,5,0,16,2807,12,0,239
3985,0,3,14,1850,574,0,11
3986,3,2,7,1190,271,1,242
3987,5,3,11,817,166,1,258
3988,3,3,23,4079,996,2,283
3989,4,0,9,1485,223,1,171
3990,2,6,26,3750,719,2,204
3991,5,2,9,327,212,1,53
3992,0,4,2,4507,917,2,43
3993,4,1,9,226,250,1,349
3994,3,2,23,2729,555,2,224
3995,3,2,12,1022,8,1,29
3996,2,1,10,623,141,0,181
3997,0,6,18,553,231,1,86
3998,4,5,26,1360,220,2,159
3999,1,1,1,2354,115,2,326
4000,1,6,11,281,7,1,300
4001,4,5,3,2097,565,2,154
4002,3,4,0,3538,110,2,207
4003,0,1,2,1709,50,2,59
4004,5,3,21,1939,18,0,264
4005,1,0,22,1314,17,1,10
4006,1,5,22,636,227,1,160
4007,4,1,29,2552,15,0,47
4008,1,2,26,2016,97,2,34
4009,3,0,22,257,112,1,350
4010,2,3,12,1347,298,1,225
4011,1,6,15,1645,645,0,361
4012,2,5,16,315,696,0,169
4013,0,3,7,142,224,1,320
4014,4,6,17,1299,29,1,80
4015,3,0,2,1142,758,2,73
4016,4,4,24,1135,973,2,131
4017,0,4,12,806,18,1,101
4018,1,6,13,2163,258,0,97
4019,0,1,21,1404,48,0,365
4020,3,2,29,2984,216,0,301
4021,2,2,13,389,476,0,141
4022,0,3,10,2885,362,0,260
4023,0,6,4,528,646,0,356
4024,3,4,2,1916,115,2,334
4025,0,5,23,2748,562,2,99
4026,2,0,4,2175,510,0,208
4027,3,6,5,1507,831,2,162
4028,0,2,20,358,210,1,33
4029,1,1,25,780,105,1,355
4030,3,0,10,2987,580,0,192
4031,4,5,18,452,206,1,230
4032,4,1,15,247,521,0,234
4033,0,2,18,1305,39,1,189
4034,5,5,28,1613,427,0,345
4035,3,1,26,4866,380,2,157
4036,3,5,11,98,271,1,347
4037,4,3,19,1168,180,1,99
4038,0,6,20,195,147,1,345
4039,1,6,11,56,78,1,332
4040,3,3,23,3312,246,2,71
4041,0,3,16,2640,293,0,122
4042,0,0,14,1629,236,0,156
4043,3,6,21,2180,411,0,1
4044,1,5,29,447,629,0,70
4045,4,5,21,1774,604,0,318
4046,3,5,17,62,212,1,92
4047,5,0,20,1137,174,1,161
4048,2,0,2,1019,901,2,53
4049,3,3,7,1127,290,1,20
4050,2,4,2,4202,853,2,299
4051,0,1,15,33,249,0,294
4052,0,0,28,603,16,0,107
4053,5,5,7,1032,283,1,97
4054,4,4,27,1612,309,0,331
4055,2,6,23,2632,965,2,238
4056,1,1,12,264,285,1,182
4057,4,5,28,493,475,0,275
4058,1,2,6,1358,144,2,189
4059,5,3,27,1208,548,0,306
4060,5,6,5,2942,74,2,350
4061,2,6,9,562,280,1,100
4062,2,3,11,332,33,1,70
4063,5,3,6,3149,839,2,296
4064,5,6,3,2706,377,2,195
4065,4,3,27,107,460,0,216
4066,1,5,15,1464,648,0,261
4067,0,3,19,428,87,1,179
4068,0,5,20,1229,47,1,28
4069,0,1,18,937,284,1,22
4070,1,2,20,382,246,1,153
4071,0,1,15,2228,52,0,0
4072,2,0,14,1758,73,0,238
4073,0,5,4,1391,63,0,61
4074,0,1,11,946,144,1,44
4075,3,1,26,1519,708,2,158
4076,5,6,5,278,179,2,202
4077,2,2,17,102,258,1,91
4078,5,5,27,2222,195,0,308
4079,0,6,23,2506,793,2,289
4080,2,5,1,3080,258,2,64
4081,1,5,10,2753,33,0,275
4082,0,5,21,250,194,0,195
4083,2,1,19,701,191,1,295
4084,4,1,17,933,104,1,164
4085,3,2,8,4732,364,2,63
4086,5,0,27,509,390,0,233
4087,3,3,0,789,248,2,347
4088,1,5,12,449,280,1,322
4089,2,4,3,3534,76,2,320
4090,3,1,24,3784,140,2,269
4091,3,6,22,1256,122,1,236
4092,3,4,12,120,135,1,117
4093,2,1,20,1365,91,1,111
4094,3,0,14,2164,43,0,339
4095,4,1,9,105,299,1,138
4096,3,4,12,958,104,1,91
4097,1,3,3,272,647,2,1
4098,2,6,11,1206,272,1,172
4099,3,5,24,2262,56,2,201
4100,0,0,20,1432,37,1,311
4101,1,4,11,1074,34,1,264
4102,2,2,26,3647,240,2,351
4103,0,3,27,2903,215,0,349
4104,0,0,14,42,374,0,101
4105,4,2,8,2761,709,2,140
4106,5,5,14,1405,305,0,35
4107,2,5,2,3640,219,2,261
4108,5,2,26,2801,326,2,164
4109,1,1,11,606,57,1,11
4110,4,0,26,1709,461,2,59
4111,0,2,9,430,106,1,16
4112,5,6,21,1631,153,0,124
4113,0,2,16,2023,393,0,360
4114,5,0,5,4049,342,2,209
4115,4,0,23,2298,321,2,312
4116,2,4,0,4806,541,2,277
4117,2,0,10,918,617,0,75
4118,5,1,26,2797,548,2,299
4119,4,2,11,835,193,1,114
4120,1,4,6,4293,274,2,359
4121,4,0,8,4615,678,2,358
4122,2,4,14,1219,297,0,86
4123,0,5,9,868,166,1,205
4124,3,6,6,4248,876,2,153
4125,1,3,11,1454,232,1,241
4126,2,5,20,1017,277,1,357
4127,5,4,10,2688,674,0,131
4128,5,6,2,3167,89,2,133
4129,3,3,21,2326,515,0,234
4130,2,6,4,530,481,0,298
4131,2,4,15,613,619,0,11
4132,2,0,24,4434,470,2,16
4133,4,0,28,129,351,0,360
4134,0,1,3,1596,144,2,106
4135,0,2,6,992,810,2,113
4136,3,5,17,200,139,1,165
4137,2,6,5,2298,791,2,181
4138,3,0,3,1754,181,2,321
4139,5,3,18,1377,76,1,87
4140,1,2,19,1491,164,1,147
4141,0,6,8,4638,313,2,169
4142,1,6,0,982,142,2,262
4143,5,3,5,308,335,2,248
4144,5,5,29,176,593,0,209
4145,3,3,22,52,219,1,312
4146,0,5,15,2922,475,0,237
4147,3,2,20,1002,30,1,125
4148,3,1,5,1337,684,2,191
4149,5,4,28,453,455,0,208
4150,1,3,0,2707,559,2,7
4151,4,4,22,735,24,1,273
4152,0,3,3,2320,590,2,148
4153,1,1,14,2191,589,0,257
4154,3,5,21,2279,65,0,159
4155,3,2,16,2552,223,0,209
4156,4,3,8,2246,170,2,285
4157,5,4,6,1145,881,2,292
4158,3,3,1,591,732,2,185
4159,1,6,29,2090,165,0,18
4160,4,5,5,3669,591,2,230
4161,1,5,13,204,205,0,195
4162,3,1,21,1214,641,0,347
4163,1,2,29,2801,37,0,197
4164,2,5,6,1762,964,2,264
4165,3,0,10,502,354,0,354
4166,4,6,9,297,110,1,304
4167,1,1,15,2803,333,0,53
4168,5,0,17,346,140,1,221
4169,1,4,19,531,220,1,160
4170,1,3,7,432,274,1,327
4171,0,4,19,1200,232,1,197
4172,3,4,28,2715,660,0,365
4173,1,0,27,124,674,0,259
4174,4,3,17,1358,126,1,251
4175,1,2,0,1900,702,2,365
4176,1,5,28,2300,97,0,180
4177,3,6,26,1546,499,2,299
4178,0,5,14,1569,466,0,193
4179,0,0,27,457,651,0,264
4180,3,4,8,4133,267,2,292
4181,2,2,21,835,394,0,157
4182,0,1,29,701,394,0,130
4183,2,4,26,4406,532,2,304
4184,1,4,13,303,268,0,12
4185,5,3,20,648,32,1,344
4186,3,1,17,545,35,1,180
4187,2,5,29,1859,460,0,284
4188,3,4,8,310,435,2,172
4189,0,4,16,1120,166,0,272
4190,0,0,26,4570,529,2,128
4191,0,1,2,3905,942,2,291
4192,2,4,8,1632,213,2,288
4193,1,5,25,1305,30,1,172
4194,3,2,29,369,312,0,175
4195,5,0,8,3948,440,2,59
4196,4,6,19,1120,152,1,55
4197,1,0,29,2385,558,0,64
4198,0,2,19,579,258,1,345
4199,1,2,19,562,91,1,90
4200,3,6,14,1309,63,0,346
4201,4,1,4,244,283,0,73
4202,0,4,19,1271,106,1,18
4203,3,4,25,785,211,1,60
4204,0,5,12,357,166,1,110
4205,1,1,20,1193,210,1,178
4206,4,6,6,4965,511,2,7
4207,3,3,27,1558,94,0,279
4208,0,3,21,452,294,0,233
4209,5,6,3,2506,444,2,129
4210,2,5,17,462,124,1,5
4211,1,0,5,4020,298,2,212
4212,2,0,5,1903,487,2,275
4213,0,4,21,2266,52,0,330
4214,0,0,22,1068,209,1,345
4215,4,2,8,766,672,2,212
4216,1,5,24,2477,128,2,363
4217,4,3,3,3876,942,2,51
4218,0,5,14,898,204,0,316
4219,2,5,1,3104,729,2,258
4220,3,1,6,4651,238,2,80
4221,1,6,5,4981,415,2,143
4222,2,5,2,1363,55,2,87
4223,0,6,19,291,197,1,96
4224,4,5,1,2641,923,2,237
4225,3,1,4,1799,480,0,49
4226,4,4,4,468,24,0,235
4227,4,5,22,315,252,1,248
4228,4,0,5,3454,233,2,125
4229,0,2,12,1418,29,1,262
4230,1,1,25,874,119,1,298
4231,5,6,24,3895,192,2,69
4232,5,0,11,946,32,1,341
4233,3,2,10,1133,473,0,360
4234,2,3,28,344,51,0,211
4235,1,4,3,2386,227,2,129
4236,3,1,21,1942,369,0,269
4237,5,6,24,1695,649,2,123
4238,3,4,5,4427,92,2,352
4239,5,0,1,773,472,2,299
4240,0,5,3,4360,585,2,292
4241,5,5,20,1007,287,1,179
4242,5,3,9,793,70,1,76
4243,3,0,4,1576,458,0,95
4244,3,4,0,327,414,2,120
4245,1,1,0,2686,578,2,28
4246,1,5,25,1486,192,1,228
4247,3,2,26,3590,803,2,40
4248,4,6,3,4785,670,2,235
4249,0,4,11,143,17,1,343
4250,3,5,26,1518,123,2,88
4251,0,0,5,3380,76,2,62
4252,1,6,12,518,149,1,46
4253,3,1,7,722,244,1,339
4254,0,5,17,601,184,1,2
4255,4,1,8,1753,281,2,260
4256,4,0,3,765,602,2,106
4257,4,6,20,17,84,1,271
4258,1,2,19,915,208,1,183
4259,1,1,11,1426,106,1,8
4260,4,0,16,1839,527,0,290
4261,4,1,28,2738,440,0,183
4262,1,5,24,3800,293,2,311
4263,2,5,21,1626,192,0,329
4264,2,0,21,2512,38,0,215
4265,1,5,7,189,154,1,112
4266,2,0,18,37,162,1,360
4267,2,1,26,1413,526,2,27
4268,4,2,18,175,256,1,351
4269,5,0,29,1823,599,0,221
4270,1,0,23,3109,513,2,25
4271,1,2,25,581,173,1,265
4272,2,5,11,542,21,1,19
4273,0,3,2,4896,274,2,189
4274,3,1,7,66,20,1,189
4275,2,0,5,1655,64,2,136
4276,0,0,2,3304,87,2,79
4277,1,1,12,781,5,1,52
4278,2,1,21,1183,617,0,36
4279,2,3,4,218,18,0,10
4280,2,3,4,1714,72,0,275
4281,2,5,19,520,246,1,200
4282,1,2,7,54,165,1,113
4283,3,6,13,1093,525,0,291
4284,2,4,12,1214,270,1,312
4285,2,5,11,1310,175,1,59
4286,2,0,29,2433,325,0,71
4287,0,4,14,592,343,0,234
4288,3,6,14,2482,16,0,306
4289,2,6,19,1375,21,1,85
4290,0,1,18,682,106,1,80
4291,2,0,18,944,18,1,357
4292,3,3,1,2329,999,2,107
4293,4,6,18,51,157,1,53
4294,4,4,19,703,84,1,219
4295,1,2,29,2397,534,0,6
4296,5,5,20,20,149,1,346
4297,4,2,22,11,148,1,107
4298,2,4,20,303,47,1,346
4299,2,5,13,1142,94,0,64
4300,5,4,5,3036,663,2,133
4301,3,6,4,1073,573,0,188
4302,3,0,16,1172,40,0,31
4303,1,0,4,2621,642,0,173
4304,0,1,26,4688,810,2,308
4305,0,5,17,150,218,1,343
4306,3,5,23,4914,167,2,92
4307,0,2,10,878,204,0,134
4308,0,4,11,893,268,1,342
4309,3,5,9,843,201,1,225
4310,1,2,10,75,644,0,261
4311,0,4,9,573,274,1,59
4312,4,6,19,1355,57,1,290
4313,0,2,16,974,205,0,192
4314,4,1,2,2889,308,2,256
4315,1,5,24,3062,57,2,125
4316,2,6,16,373,576,0,324
4317,4,4,9,480,202,1,296
4318,0,4,15,394,171,0,100
4319,0,3,14,1487,16,0,116
4320,5,4,12,1258,102,1,339
4321,4,4,17,727,181,1,32
4322,1,5,28,69,354,0,278
4323,2,5,28,2731,230,0,269
4324,0,2,18,278,210,1,323
4325,3,1,8,1055,314,2,192
4326,5,5,22,1439,95,1,74
4327,2,6,23,4816,686,2,53
4328,3,6,14,1444,398,0,79
4329,5,1,3,3232,64,2,316
4330,0,6,18,1046,192,1,338
4331,2,4,7,12,82,1,99
4332,1,3,20,269,21,1,18
4333,3,1,9,588,103,1,291
4334,1,1,7,265,84,1,113
4335,0,5,9,1381,267,1,86
4336,1,6,20,1251,92,1,345
4337,0,6,0,3621,751,2,33
4338,2,2,10,1879,681,0,9
4339,5,3,8,3865,188,2,344
4340,1,1,12,29,54,1,83
4341,4,3,10,907,617,0,53
4342,4,6,25,1366,190,1,39
4343,3,4,9,610,162,1,235
4344,2,1,1,2112,834,2,161
4345,2,5,6,407,95,2,209
4346,2,1,2,4415,531,2,298
4347,5,5,25,1279,87,1,328
4348,5,6,29,2968,633,0,79
4349,3,6,18,1421,171,1,0
4350,0,5,1,1162,205,2,164
4351,4,1,7,1450,16,1,339
4352,2,0,11,645,184,1,197
4353,5,6,21,2584,58,0,263
4354,2,2,28,1180,533,0,173
4355,5,5,2,3392,469,2,267
4356,3,3,20,335,205,1,47
4357,0,2,26,2716,926,2,38
4358,4,2,17,298,71,1,159
4359,5,6,12,1285,45,1,260
4360,0,2,26,2533,221,2,38
4361,5,5,4,865,450,0,155
4362,0,4,28,2222,573,0,151
4363,1,2,18,527,31,1,277
4364,5,3,17,944,134,1,8
4365,3,5,1,1501,542,2,340
4366,1,0,10,2411,92,0,343
4367,0,6,17,735,106,1,89
4368,1,4,16,21,46,0,242
4369,4,3,20,202,245,1,11
4370,0,2,18,465,213,1,285
4371,0,4,6,4608,967,2,168
4372,5,6,11,1433,19,1,187
4373,5,3,14,230,675,0,172
4374,0,4,3,2406,986,2,80
4375,0,5,13,1738,612,0,56
4376,5,0,14,1412,604,0,286
4377,5,5,14,2045,506,0,260
4378,5,6,29,1890,427,0,280
4379,4,5,7,261,77,1,6
4380,5,6,28,2065,676,0,282
4381,5,3,19,104,295,1,30
4382,1,6,23,4774,169,2,258
4383,1,6,4,516,551,0,171
4384,1,4,21,1333,121,0,105
4385,3,2,1,1963,275,2,110
4386,2,1,6,1121,794,2,214
4387,0,0,21,1436,140,0,336
4388,5,6,18,362,53,1,17
4389,2,0,3,2485,245,2,307
4390,2,5,19,115,32,1,9
4391,2,0,11,369,20,1,227
4392,2,0,14,2859,578,0,115
4393,0,0,19,762,261,1,231
4394,2,3,16,2565,600,0,124
4395,3,1,27,1821,280,0,315
4396,3,1,17,568,238,1,264
4397,3,3,13,1384,215,0,327
4398,0,4,7,699,222,1,96
4399,5,0,20,1490,189,1,33
4400,3,4,4,94,232,0,129
4401,2,5,6,4472,921,2,276
4402,4,0,5,4732,270,2,169
4403,4,3,29,1094,140,0,346
4404,2,0,17,1448,54,1,53
4405,2,0,12,1050,20,1,60
4406,1,4,7,1036,140,1,200
4407,1,5,4,2305,624,0,223
4408,1,5,21,2058,450,0,64
4409,4,1,7,858,288,1,230
4410,4,0,1,2767,999,2,95
4411,3,5,17,276,25,1,174
4412,2,6,17,94,162,1,258
4413,4,5,24,422,554,2,352
4414,3,6,26,1722,641,2,5
4415,5,4,20,535,7,1,245
4416,1,5,16,2846,542,0,242
4417,3,4,27,1607,554,0,54
4418,0,3,2,4622,153,2,187
4419,2,4,7,917,101,1,329
4420,1,0,21,1162,169,0,71
4421,1,1,27,2549,434,0,277
4422,3,2,23,2194,790,2,298
4423,4,2,5,4078,91,2,143
4424,0,4,9,71,231,1,36
4425,0,4,7,1306,222,1,252
4426,3,4,11,463,70,1,212
4427,1,6,18,405,188,1,156
4428,3,4,24,532,575,2,297
4429,3,1,14,2121,200,0,220
4430,1,5,15,2068,359,0,318
4431,5,2,18,1288,228,1,313
4432,4,3,13,915,42,0,280
4433,0,5,14,2594,195,0,240
4434,0,5,27,828,192,0,216
4435,1,4,21,135,48,0,298
4436,1,6,16,2686,49,0,259
4437,5,5,23,3501,829,2,305
4438,0,5,3,2977,733,2,12
4439,0,3,1,633,233,2,291
4440,0,5,11,376,161,1,357
4441,1,1,10,797,343,0,324
4442,1,3,15,811,595,0,363
4443,1,3,11,851,188,1,241
4444,0,1,15,1403,360,0,218
4445,4,2,0,2146,510,2,276
4446,0,4,28,2454,472,0,61
4447,2,2,23,582,989,2,295
4448,5,2,11,233,200,1,6
4449,4,1,4,246,95,0,242
4450,2,1,8,3666,723,2,165
4451,0,5,15,2845,487,0,306
4452,5,4,20,1403,257,1,26
4453,4,3,8,2431,605,2,5
4454,4,2,10,425,621,0,60
4455,0,1,15,2410,274,0,264
4456,1,0,15,2857,138,0,318
4457,5,4,28,2892,624,0,274
4458,5,1,27,2017,272,0,103
4459,5,4,9,1338,247,1,360
4460,0,4,25,1217,128,1,261
4461,2,5,23,309,302,2,288
4462,3,2,4,2684,35,0,147
4463,3,4,8,555,983,2,24
4464,0,3,12,75,294,1,336
4465,4,1,12,1156,15,1,208
4466,1,2,2,1140,229,2,327
4467,5,2,5,4784,616,2,156
4468,5,5,9,222,110,1,65
4469,1,3,18,1472,260,1,133
4470,2,1,25,931,133,1,19
4471,3,4,23,433,120,2,145
4472,5,4,24,3443,280,2,160
4473,2,4,3,1559,716,2,265
4474,0,6,19,307,212,1,7
4475,2,0,24,839,964,2,324
4476,3,2,6,1535,801,2,322
4477,0,2,16,31,211,0,270
4478,4,3,18,961,272,1,40
4479,4,5,4,1426,567,0,106
4480,2,6,27,784,510,0,214
4481,0,6,18,238,291,1,340
4482,5,3,28,2029,381,0,278
4483,0,0,8,1189,691,2,49
4484,5,5,0,1041,835,2,236
4485,3,6,14,2181,282,0,87
4486,0,1,1,1039,194,2,297
4487,2,2,22,623,55,1,92
4488,3,6,10,1483,622,0,88
4489,2,3,5,699,455,2,277
4490,0,6,10,1247,179,0,347
4491,1,3,0,4657,81,2,300
4492,4,5,2,3703,311,2,249
4493,2,2,16,2698,300,0,1
4494,3,1,1,877,440,2,285
4495,3,1,24,2777,648,2,20
4496,3,1,26,4973,571,2,213
4497,2,0,13,1689,633,0,298
4498,4,0,21,466,611,0,164
4499,5,6,20,1389,293,1,197
4500,0,2,7,186,112,1,345
4501,0,0,18,403,294,1,357
4502,0,0,23,1565,702,2,115
4503,0,3,0,3503,830,2,194
4504,5,5,4,1799,132,0,25
4505,2,4,25,447,115,1,364
4506,1,0,8,4192,98,2,73
4507,3,1,1,4695,613,2,286
4508,1,1,25,465,34,1,165
4509,1,4,24,3678,457,2,335
4510,4,1,19,930,234,1,312
4511,0,5,10,2495,34,0,143
4512,2,3,1,2446,324,2,193
4513,2,6,18,760,185,1,91
4514,5,1,21,231,558,0,159
4515,3,1,22,726,275,1,5
4516,1,2,10,1637,551,0,234
4517,3,6,29,2002,135,0,364
4518,0,6,15,134,334,0,255
4519,1,0,14,648,549,0,220
4520,5,6,1,2372,553,2,34
4521,5,3,2,3007,914,2,34
4522,5,6,18,1288,36,1,56
4523,3,2,17,169,299,1,277
4524,3,6,10,1584,259,0,16
4525,3,3,5,1255,862,2,363
4526,5,1,24,4579,104,2,118
4527,5,1,17,348,66,1,210
4528,1,2,20,460,206,1,275
4529,5,0,17,945,186,1,274
4530,5,5,5,4558,234,2,163
4531,1,1,6,1351,512,2,261
4532,2,1,6,1398,144,2,199
4533,0,1,21,837,45,0,151
4534,1,5,12,706,24,1,183
4535,0,6,19,731,278,1,364
4536,3,6,10,2261,271,0,86
4537,4,1,17,590,118,1,365
4538,4,5,8,2128,520,2,13
4539,4,1,3,2301,626,2,88
4540,1,2,13,1798,660,0,298
4541,1,2,7,1183,100,1,198
4542,2,0,4,35,418,0,209
4543,5,6,20,1158,5,1,85
4544,4,3,27,2701,289,0,144
4545,2,3,22,205,193,1,143
4546,5,1,18,187,278,1,127
4547,5,5,27,1203,577,0,251
4548,0,2,1,2556,522,2,29
4549,0,6,16,1616,176,0,346
4550,5,0,22,704,7,1,16
4551,5,5,2,2724,143,2,53
4552,5,0,26,2213,789,2,192
4553,1,2,2,2001,464,2,340
4554,3,1,16,698,30,0,2
4555,3,5,13,1074,18,0,43
4556,3,3,11,167,14,1,181
4557,1,2,24,3903,53,2,36
4558,5,5,9,128,32,1,343
4559,5,3,25,211,122,1,196
4560,3,0,27,2286,94,0,206
4561,4,6,10,2731,275,0,178
4562,5,1,3,1341,661,2,135
4563,1,0,13,709,342,0,183
4564,5,4,20,1474,298,1,151
4565,5,6,24,465,218,2,39
4566,2,1,14,2885,678,0,210
4567,3,4,27,2186,602,0,265
4568,2,3,2,140,967,2,328
4569,2,5,8,4569,493,2,153
4570,4,4,1,1776,533,2,178
4571,2,3,0,1057,195,2,230
4572,4,4,3,675,57,2,225
4573,0,6,28,160,23,0,5
4574,5,5,5,1717,714,2,178
4575,5,5,14,560,93,0,55
4576,5,6,29,2180,579,0,159
4577,4,3,17,24,260,1,63
4578,5,3,21,487,179,0,29
4579,1,4,7,153,234,1,19
4580,3,5,21,2724,144,0,236
4581,4,0,2,3777,399,2,8
4582,1,4,17,328,157,1,36
4583,2,5,1,2373,179,2,98
4584,4,0,18,480,295,1,66
4585,5,5,0,442,473,2,24
4586,5,1,25,907,32,1,179
4587,4,5,6,186,821,2,201
4588,3,1,7,557,137,1,28
4589,5,4,28,2245,222,0,348
4590,1,1,23,3174,215,2,33
4591,3,4,12,354,221,1,261
4592,3,2,26,2642,361,2,298
4593,5,4,7,41,217,1,234
4594,0,4,7,1277,254,1,20
4595,2,4,17,58,259,1,145
4596,3,6,19,462,213,1,99
4597,5,0,6,2019,131,2,11
4598,0,5,7,800,222,1,246
4599,1,4,25,980,25,1,145
4600,5,5,15,2868,177,0,312
4601,5,1,21,2855,91,0,38
4602,0,5,15,2739,447,0,139
4603,0,0,0,2919,847,2,328
4604,4,1,15,2568,481,0,363
4605,3,1,23,534,210,2,120
4606,4,3,25,549,278,1,302
4607,0,4,16,2323,337,0,298
4608,3,0,9,1324,232,1,84
4609,2,6,16,85,579,0,78
4610,3,3,14,827,314,0,217
4611,4,1,15,1920,577,0,314
4612,4,3,15,1147,639,0,28
4613,1,6,11,14,18,1,66
4614,4,5,18,1215,76,1,292
4615,4,6,2,1360,628,2,131
4616,4,5,9,1333,90,1,221
4617,5,4,21,2802,47,0,4
4618,2,4,5,614,648,2,252
4619,2,1,15,1833,307,0,332
4620,0,2,27,1603,260,0,84
4621,2,5,12,874,123,1,108
4622,5,3,8,2042,790,2,276
4623,0,1,19,552,182,1,112
4624,1,3,19,573,44,1,231
4625,4,5,3,4493,496,2,278
4626,1,3,28,2614,256,0,323
4627,2,5,13,2734,252,0,60
4628,3,3,18,1227,282,1,222
4629,5,3,1,1249,363,2,114
4630,0,3,22,642,105,1,164
4631,2,1,11,782,214,1,53
4632,0,6,0,901,989,2,43
4633,4,6,29,2727,65,0,347
4634,3,6,9,997,122,1,223
4635,0,5,6,4463,274,2,88
4636,1,4,28,2116,619,0,242
4637,0,3,8,3906,317,2,336
4638,1,0,14,1450,446,0,131
4639,3,3,17,1009,262,1,148
4640,2,5,12,954,148,1,283
4641,2,3,20,1328,159,1,270
4642,5,6,2,983,485,2,353
4643,0,1,18,191,26,1,280
4644,0,2,5,1600,947,2,63
4645,1,1,19,982,294,1,53
4646,0,5,17,334,220,1,256
4647,2,0,22,859,99,1,319
4648,3,6,16,1355,162,0,16
4649,4,1,6,897,489,2,199
4650,5,6,2,3947,982,2,222
4651,0,4,19,1447,8,1,296
4652,1,2,14,395,634,0,128
4653,1,3,28,998,698,0,179
4654,5,3,19,495,265,1,289
4655,4,3,7,652,65,1,237
4656,4,0,0,2797,103,2,364
4657,5,6,18,991,132,1,8
4658,4,0,21,2111,60,0,212
4659,4,2,14,334,516,0,305
4660,1,0,3,3869,474,2,343
4661,3,3,21,2018,265,0,177
4662,4,3,20,1398,124,1,312
4663,4,3,26,3898,528,2,243
4664,2,3,16,1688,116,0,115
4665,0,2,9,487,91,1,284
4666,5,2,18,1412,261,1,352
4667,0,3,20,665,225,1,152
4668,4,6,25,391,44,1,171
4669,0,0,7,1376,79,1,86
4670,2,0,18,1115,84,1,267
4671,4,5,19,398,144,1,362
4672,4,4,1,2710,222,2,148
4673,0,0,22,111,189,1,240
4674,5,3,9,285,6,1,186
4675,0,5,20,142,86,1,179
4676,5,5,8,4081,993,2,171
4677,2,6,9,678,13,1,5
4678,1,4,29,2408,162,0,347
4679,3,6,22,569,126,1,78
4680,1,5,24,1103,342,2,15
4681,2,2,24,375,343,2,292
4682,5,0,26,1512,678,2,44
4683,2,1,26,4994,326,2,310
4684,1,2,3,4713,694,2,155
4685,2,4,5,1559,978,2,264
4686,2,1,14,2752,672,0,192
4687,5,1,6,2079,347,2,258
4688,0,2,27,1204,546,0,294
4689,1,0,9,496,139,1,220
4690,2,3,10,510,184,0,227
4691,3,4,25,483,254,1,88
4692,0,2,7,1382,295,1,364
4693,2,4,25,994,115,1,47
4694,1,3,12,1320,231,1,151
4695,0,0,14,782,92,0,98
4696,3,3,4,1973,461,0,237
4697,2,0,23,2835,54,2,49
4698,4,4,27,2367,599,0,52
4699,3,4,28,1707,92,0,39
4700,3,6,29,945,530,0,177
4701,3,0,11,1292,76,1,322
4702,4,2,14,2410,682,0,11
4703,1,1,4,1846,155,0,327
4704,5,0,23,3708,703,2,308
4705,3,3,10,240,455,0,335
4706,4,4,21,1030,225,0,255
4707,4,5,16,344,601,0,360
4708,3,5,13,79,659,0,149
4709,3,4,9,1126,250,1,283
4710,4,1,27,1748,93,0,138
4711,3,2,29,268,490,0,155
4712,3,0,1,441,860,2,284
4713,4,0,20,1109,140,1,177
4714,0,1,10,2998,569,0,256
4715,4,2,1,3018,503,2,324
4716,1,4,21,151,364,0,268
4717,0,0,15,1658,169,0,274
4718,0,4,8,2824,348,2,299
4719,1,0,6,3489,910,2,8
4720,3,5,10,235,662,0,103
4721,0,3,18,167,19,1,62
4722,5,3,12,780,186,1,206
4723,1,2,23,1502,199,2,162
4724,1,3,2,3184,722,2,30
4725,1,1,26,416,887,2,225
4726,2,0,11,261,74,1,244
4727,3,1,17,588,11,1,52
4728,3,2,0,2232,373,2,158
4729,5,0,11,812,229,1,336
4730,0,0,10,1934,481,0,191
4731,5,2,17,600,55,1,260
4732,5,1,23,912,493,2,183
4733,5,0,6,4265,531,2,283
4734,5,6,6,968,191,2,43
4735,3,1,19,1406,246,1,183
4736,4,6,17,411,135,1,290
4737,3,0,26,3519,991,2,256
4738,2,3,1,1657,616,2,235
4739,4,0,17,1158,54,1,322
4740,1,3,17,1106,158,1,307
4741,3,4,26,3847,583,2,287
4742,3,6,14,758,653,0,16
4743,0,1,21,934,62,0,220
4744,0,0,14,2018,532,0,129
4745,2,0,1,3649,278,2,347
4746,3,2,1,1832,69,2,219
4747,5,4,1,2577,642,2,226
4748,4,6,8,641,301,2,293
4749,1,0,14,507,370,0,251
4750,1,3,1,4378,876,2,351
4751,2,4,2,4249,182,2,42
4752,5,3,24,2368,742,2,143
4753,2,6,28,956,118,0,43
4754,5,6,9,164,164,1,185
4755,0,2,29,2549,278,0,347
4756,1,1,11,502,152,1,101
4757,4,0,28,638,574,0,266
4758,4,4,1,1455,305,2,69
4759,5,4,9,1172,255,1,279
4760,1,0,6,1974,392,2,327
4761,1,2,5,2254,327,2,313
4762,1,2,24,910,283,2,133
4763,1,0,11,1393,236,1,323
4764,5,6,3,3726,943,2,294
4765,4,3,16,1784,150,0,362
4766,3,5,8,558,470,2,231
4767,0,6,8,4084,387,2,324
4768,1,0,18,1191,218,1,110
4769,4,1,23,2224,381,2,265
4770,2,0,28,881,653,0,87
4771,0,3,5,4048,278,2,50
4772,5,3,17,887,216,1,40
4773,1,6,15,2110,391,0,321
4774,3,0,22,363,49,1,0
4775,1,5,4,2711,634,0,87
4776,0,3,21,1603,190,0,84
4777,4,1,26,491,528,2,66
4778,0,2,12,17,58,1,113
4779,2,6,15,2211,388,0,99
4780,3,2,2,676,703,2,113
4781,2,1,22,916,19,1,311
4782,3,6,4,2610,288,0,224
4783,2,5,14,2873,234,0,154
4784,1,0,13,2276,694,0,117
4785,0,6,17,724,74,1,20
4786,4,5,1,786,286,2,182
4787,5,6,26,3540,534,2,361
4788,4,4,12,1192,13,1,188
4789,5,2,21,2685,615,0,323
4790,4,2,13,1033,90,0,228
4791,3,4,2,831,213,2,345
4792,0,0,20,1413,87,1,153
4793,4,2,15,2481,445,0,212
4794,0,0,25,1060,46,1,110
4795,1,0,17,1248,96,1,197
4796,3,1,25,631,185,1,308
4797,4,6,19,385,252,1,146
4798,5,3,10,2343,668,0,355
4799,5,1,10,1756,310,0,310
4800,3,3,12,367,83,1,143
4801,5,5,9,604,186,1,119
4802,5,1,20,743,185,1,288
4803,1,4,2,4267,417,2,299
4804,3,6,6,3554,678,2,51
4805,1,1,12,75,127,1,117
4806,4,2,11,263,12,1,68
4807,3,6,10,2591,666,0,351
4808,5,5,7,474,183,1,290
4809,0,5,7,170,24,1,240
4810,5,2,18,1285,55,1,45
4811,0,5,10,951,438,0,68
4812,0,2,24,748,463,2,241
4813,4,3,4,276,663,0,31
4814,0,2,25,1410,158,1,214
4815,3,0,28,1647,50,0,319
4816,2,6,18,128,159,1,329
4817,1,6,6,2883,710,2,173
4818,3,0,12,1293,234,1,74
4819,4,6,20,834,65,1,271
4820,3,3,23,1685,451,2,82
4821,0,4,24,322,482,2,245
4822,4,2,15,2524,474,0,216
4823,4,4,25,1450,122,1,130
4824,1,4,12,458,20,1,48
4825,3,6,17,446,82,1,296
4826,1,0,4,1183,655,0,256
4827,3,2,10,2944,520,0,36
4828,1,3,23,4086,995,2,289
4829,1,6,11,246,213,1,7
4830,5,1,3,1920,292,2,77
4831,0,5,22,1028,27,1,244
4832,5,4,17,471,191,1,153
4833,2,1,21,564,370,0,164
4834,4,0,18,963,226,1,18
4835,4,2,12,699,24,1,347
4836,4,3,16,2338,503,0,177
4837,2,3,8,2048,566,2,145
4838,5,6,10,680,241,0,297
4839,3,2,18,140,237,1,91
4840,0,2,28,903,76,0,201
4841,5,3,23,2721,236,2,178
4842,0,3,1,4654,558,2,255
4843,4,2,18,509,265,1,42
4844,2,1,9,597,40,1,7
4845,3,3,29,171,87,0,80
4846,4,5,0,1711,760,2,31
4847,0,1,16,2192,504,0,317
4848,5,4,27,2127,139,0,325
4849,2,6,15,1891,193,0,134
4850,1,1,17,1285,253,1,89
4851,5,6,13,1138,308,0,350
4852,3,4,19,242,292,1,56
4853,3,1,28,719,697,0,239
4854,5,5,20,843,166,1,209
4855,4,1,16,2668,545,0,77
4856,1,3,1,3313,487,2,218
4857,3,2,1,2981,933,2,298
4858,5,3,24,4558,287,2,87
4859,4,0,21,2704,630,0,233
4860,2,2,25,591,276,1,287
4861,2,0,0,864,895,2,90
4862,4,4,18,273,156,1,15
4863,5,5,29,2748,522,0,133
4864,4,6,2,2478,956,2,208
4865,2,4,4,629,685,0,329
4866,4,1,5,1207,734,2,213
4867,1,6,12,724,119,1,262
4868,2,6,9,464,130,1,282
4869,5,1,6,3871,755,2,361
4870,5,0,14,1758,301,0,98
4871,5,0,29,2178,29,0,235
4872,0,3,13,1704,42,0,241
4873,0,4,14,1068,121,0,110
4874,4,0,4,839,25,0,169
4875,1,0,0,4371,255,2,103
4876,4,0,9,1398,118,1,12
4877,1,0,1,186,99,2,66
4878,4,1,29,2986,73,0,226
4879,4,1,5,1636,300,2,189
4880,3,1,18,530,66,1,217
4881,5,0,14,2305,204,0,12
4882,4,3,24,3371,136,2,61
4883,0,3,1,839,225,2,289
4884,0,4,1,2068,106,2,303
4885,4,1,17,756,262,1,14
4886,3,2,17,1029,260,1,64
4887,5,2,11,221,187,1,100
4888,0,0,4,1062,519,0,225
4889,4,4,20,338,119,1,185
4890,1,0,23,1792,451,2,321
4891,4,6,10,2817,568,0,30
4892,2,2,6,4100,272,2,158
4893,0,3,9,1186,32,1,342
4894,0,3,29,2484,407,0,142
4895,3,2,6,4970,850,2,301
4896,4,6,28,1421,40,0,264
4897,1,5,27,2696,439,0,330
4898,2,4,4,2995,279,0,338
4899,2,4,10,2377,258,0,147
4900,2,6,18,667,25,1,295
4901,1,2,1,2544,255,2,31
4902,5,5,20,408,207,1,33
4903,4,3,9,32,229,1,296
4904,2,2,29,2090,527,0,303
4905,3,6,27,938,565,0,237
4906,2,6,20,454,124,1,11
4907,2,4,11,814,92,1,260
4908,1,4,23,2764,289,2,327
4909,2,1,21,2121,178,0,51
4910,0,3,16,1161,47,0,51
4911,5,1,0,2536,527,2,301
4912,5,6,6,4226,800,2,167
4913,5,0,23,151,509,2,13
4914,2,1,19,555,249,1,90
4915,1,3,8,4493,236,2,269
4916,0,4,20,1075,293,1,187
4917,4,0,11,204,31,1,292
4918,5,2,15,492,649,0,291
4919,2,0,7,1366,178,1,128
4920,0,5,21,2407,356,0,231
4921,4,5,24,4905,875,2,8
4922,3,0,21,1543,436,0,131
4923,2,0,24,4179,509,2,85
4924,0,3,8,4509,350,2,48
4925,2,5,28,2184,208,0,202
4926,2,5,2,897,716,2,86
4927,0,6,4,685,267,0,241
4928,2,2,16,544,463,0,175
4929,0,2,9,646,140,1,202
4930,1,3,28,362,664,0,153
4931,0,6,12,61,38,1,158
4932,1,0,17,408,211,1,215
4933,0,3,24,1309,827,2,347
4934,5,6,10,808,388,0,65
4935,2,1,18,562,69,1,39
4936,3,1,3,3984,722,2,169
4937,1,2,14,2709,513,0,14
4938,0,6,3,1363,250,2,75
4939,1,2,15,1046,532,0,38
4940,1,6,6,1942,77,2,168
4941,5,0,22,794,6,1,289
4942,4,1,5,4532,930,2,53
4943,2,0,1,1028,702,2,312
4944,5,0,8,1351,677,2,43
4945,0,4,21,2569,155,0,291
4946,0,4,3,3088,775,2,149
4947,4,6,13,797,154,0,67
4948,4,2,3,748,241,2,331
4949,3,5,6,2294,994,2,66
4950,4,6,21,266,223,0,200
4951,3,1,25,1268,43,1,18
4952,3,0,2,1692,191,2,202
4953,3,3,9,874,277,1,192
4954,3,2,23,2285,284,2,309
4955,2,2,12,91,22,1,206
4956,3,1,28,2036,498,0,322
4957,2,3,27,958,190,0,216
4958,2,4,29,35,110,0,303
4959,2,1,13,1608,675,0,163
4960,5,2,9,1489,242,1,242
4961,4,0,17,1470,190,1,7
4962,3,5,3,2090,287,2,117
4963,1,0,9,949,29,1,295
4964,3,6,12,914,194,1,149
4965,3,2,3,2735,155,2,112
4966,5,2,13,43,85,0,70
4967,3,3,10,897,303,0,21
4968,0,0,13,1887,316,0,204
4969,0,2,0,4747,754,2,10
4970,3,3,12,57,32,1,288
4971,2,3,18,1005,190,1,173
4972,4,3,25,264,62,1,7
4973,3,1,16,1852,152,0,124
4974,3,0,26,2450,526,2,346
4975,4,0,10,527,82,0,303
4976,3,0,20,1125,20,1,103
4977,5,3,11,135,175,1,347
4978,5,3,21,1809,600,0,311
4979,1,2,8,4944,135,2,289
4980,2,1,25,1006,87,1,265
4981,0,3,16,307,629,0,350
4982,2,4,23,1115,249,2,358
4983,4,1,14,180,538,0,341
4984,0,5,8,1301,350,2,192
4985,4,6,6,3459,671,2,254
4986,4,4,20,524,130,1,348
4987,2,6,14,2851,605,0,1
4988,2,4,27,2618,99,0,111
4989,1,1,20,377,111,1,8
4990,0,1,17,1476,284,1,53
4991,3,1,0,4633,174,2,266
4992,0,5,11,1111,273,1,196
4993,0,0,16,48,576,0,242
4994,4,0,21,2684,310,0,231
4995,5,6,11,958,92,1,40
4996,4,5,13,1081,449,0,19
4997,5,4,2,4902,128,2,212
4998,2,1,1,4071,603,2,96
4999,0,2,16,2336,211,0,191
5000,3,3,26,2059,775,2,319
5001,0,2,10,570,505,0,318
5002,0,5,29,1353,203,0,45
5003,4,2,7,1246,191,1,10
5004,0,5,1,4261,635,2,86
5005,0,6,20,456,72,1,223
5006,4,6,21,666,600,0,138
5007,5,3,6,3042,840,2,307
5008,5,1,2,635,186,2,117
5009,1,0,7,252,185,1,270
5010,4,3,10,345,231,0,110
5011,3,1,8,4499,807,2,159
5012,0,3,15,682,549,0,171
5013,1,0,26,4341,468,2,185
5014,2,6,0,4961,392,2,294
5015,3,2,0,2864,963,2,87
5016,1,4,1,2204,860,2,251
5017,0,3,7,345,209,1,358
5018,4,4,19,612,67,1,122
5019,2,4,7,721,145,1,189
5020,2,3,27,867,19,0,169
5021,0,1,11,33,92,1,245
5022,0,2,29,1439,96,0,230
5023,0,5,15,1680,390,0,338
5024,4,6,21,1393,653,0,216
5025,0,4,24,3116,925,2,272
5026,5,1,14,1172,456,0,123
5027,1,6,29,1910,481,0,217
5028,0,2,17,1133,190,1,321
5029,0,3,13,2924,534,0,190
5030,5,1,5,2915,173,2,269
5031,1,6,23,4190,363,2,306
5032,5,6,9,151,207,1,194
5033,2,4,13,858,647,0,43
5034,3,2,27,2969,668,0,155
5035,2,2,1,4981,481,2,252
5036,5,5,15,1034,588,0,140
5037,2,2,22,972,244,1,55
5038,1,0,18,117,148,1,161
5039,1,1,14,2231,236,0,49
5040,1,2,15,2184,397,0,185
5041,4,4,13,1989,456,0,114
5042,3,6,4,1044,672,0,239
5043,5,0,3,3009,301,2,2
5044,2,1,12,1376,31,1,156
5045,5,4,26,1248,845,2,211
5046,3,5,17,203,174,1,345
5047,1,4,1,3119,127,2,116
5048,5,5,29,651,674,0,62
5049,5,3,25,883,199,1,126
5050,0,4,13,618,275,0,54
5051,0,4,4,722,200,0,23
5052,3,1,1,4841,918,2,181
5053,3,6,10,1563,363,0,126
5054,1,4,4,2225,41,0,8
5055,3,5,26,2005,842,2,287
5056,0,2,24,848,511,2,136
5057,4,0,9,17,154,1,47
5058,3,1,23,1827,725,2,72
5059,5,4,12,419,213,1,330
5060,1,6,18,1254,179,1,230
5061,5,6,25,738,66,1,163
5062,1,5,0,2730,469,2,337
5063,4,1,18,793,138,1,97
5064,4,3,10,73,490,0,133
5065,0,5,9,1347,192,1,34
5066,0,6,15,338,309,0,304
5067,2,3,13,1003,159,0,144
5068,4,0,27,2240,240,0,305
5069,4,3,4,322,154,0,218
5070,1,3,7,156,176,1,265
5071,4,5,16,2612,396,0,48
5072,4,5,2,3087,578,2,254
5073,1,5,2,420,861,2,354
5074,0,4,7,556,31,1,71
5075,4,1,8,4442,494,2,52
5076,0,3,0,4211,535,2,242
5077,5,6,11,875,177,1,179
5078,0,0,26,618,306,2,137
5079,4,1,0,4815,151,2,219
5080,3,3,28,1228,110,0,88
5081,3,6,20,579,157,1,318
5082,1,2,27,581,455,0,344
5083,1,0,4,1862,46,0,45
5084,4,6,8,854,329,2,264
5085,3,5,13,52,135,0,54
5086,3,5,11,1195,141,1,48
5087,2,0,5,4717,535,2,155
5088,0,5,0,1162,289,2,44
5089,5,0,0,625,476,2,289
5090,2,3,23,2643,919,2,290
5091,5,0,16,779,158,0,149
5092,1,5,27,2240,277,0,247
5093,0,5,18,509,90,1,244
5094,4,6,18,152,149,1,219
5095,0,5,13,1203,425,0,27
5096,4,6,14,563,345,0,57
5097,5,6,2,232,905,2,4
5098,2,3,3,4156,417,2,59
5099,1,1,9,727,47,1,190
5100,1,0,5,4405,703,2,12
5101,0,5,3,563,420,2,275
5102,4,2,26,2007,95,2,197
5103,0,1,4,982,651,0,240
5104,3,0,19,854,255,1,95
5105,5,4,23,402,581,2,333
5106,3,0,10,656,154,0,28
5107,0,4,25,1442,33,1,58
5108,3,0,25,242,24,1,36
5109,5,6,3,4818,188,2,279
5110,2,4,0,2313,263,2,149
5111,5,0,2,4405,1000,2,119
5112,5,5,6,781,94,2,73
5113,3,5,21,256,235,0,30
5114,2,2,5,4668,798,2,37
5115,4,0,25,1471,182,1,310
5116,0,1,17,404,184,1,214
5117,2,0,19,817,115,1,204
5118,0,6,19,852,31,1,121
5119,5,3,5,4734,879,2,226
5120,0,5,26,4582,712,2,46
5121,3,0,12,1161,152,1,18
5122,4,1,3,4999,197,2,31
5123,1,2,23,281,272,2,262
5124,4,2,23,4128,585,2,42
5125,1,6,12,1313,277,1,162
5126,4,3,21,1840,423,0,303
5127,5,1,8,3916,874,2,230
5128,1,5,4,559,57,0,19
5129,1,1,18,1052,152,1,171
5130,2,4,22,553,268,1,60
5131,0,3,4,845,367,0,64
5132,2,0,5,3042,586,2,311
5133,0,3,11,1496,201,1,3
5134,5,5,19,992,211,1,92
5135,1,5,1,4116,692,2,121
5136,0,3,13,2033,352,0,47
5137,0,1,27,1176,183,0,8
5138,0,2,27,1056,499,0,5
5139,0,2,19,189,206,1,272
5140,0,1,27,1324,683,0,111
5141,3,1,16,1152,470,0,117
5142,1,3,15,1399,129,0,163
5143,5,0,10,359,337,0,69
5144,2,0,25,641,113,1,217
5145,3,0,27,1462,572,0,14
5146,1,1,26,905,876,2,239
5147,5,3,29,2177,439,0,71
5148,1,4,0,3706,978,2,179
5149,3,1,23,2476,701,2,244
5150,0,5,10,161,420,0,225
5151,2,3,15,2398,421,0,201
5152,1,1,19,591,200,1,285
5153,3,5,14,2930,179,0,349
5154,1,4,18,281,123,1,60
5155,3,3,13,1205,91,0,150
5156,5,2,19,575,38,1,17
5157,1,4,15,1754,274,0,46
5158,4,1,5,1333,850,2,187
5159,0,2,23,630,718,2,203
5160,5,4,16,1952,640,0,330
5161,4,5,23,1160,652,2,4
5162,1,2,17,744,100,1,179
5163,2,3,11,100,117,1,62
5164,5,5,5,579,587,2,147
5165,5,6,26,2013,291,2,124
5166,2,0,23,2259,547,2,270
5167,5,0,6,3761,113,2,310
5168,4,2,17,1335,194,1,162
5169,2,1,17,156,83,1,74
5170,3,1,12,97,264,1,8
5171,3,1,13,48,282,0,275
5172,3,2,8,1952,158,2,246
5173,4,1,26,2884,946,2,180
5174,1,3,20,1344,197,1,75
5175,4,6,0,1757,758,2,117
5176,1,4,28,1046,244,0,81
5177,2,4,3,362,305,2,158
5178,5,3,20,104,254,1,70
5179,0,0,23,4751,633,2,228
5180,3,4,25,1361,245,1,252
5181,5,5,14,486,38,0,238
5182,1,3,1,3949,878,2,310
5183,2,2,22,1161,165,1,185
5184,0,2,12,719,171,1,230
5185,2,4,22,15,45,1,349
5186,4,4,6,1215,514,2,194
5187,4,6,4,1027,670,0,161
5188,3,0,28,1116,675,0,170
5189,1,6,17,866,173,1,282
5190,0,4,1,3233,720,2,65
5191,1,6,16,1475,181,0,332
5192,2,0,8,123,457,2,267
5193,4,3,24,3041,244,2,36
5194,2,0,0,715,326,2,3
5195,2,5,27,473,384,0,135
5196,2,5,13,921,263,0,30
5197,1,5,17,721,79,1,287
5198,1,4,27,642,415,0,193
5199,0,4,0,1738,133,2,357
5200,4,4,7,525,288,1,109
5201,0,6,7,99,121,1,250
5202,0,5,18,644,192,1,364
5203,2,4,3,1811,91,2,17
5204,4,6,25,108,287,1,48
5205,3,4,8,4309,407,2,48
5206,3,2,27,2128,313,0,100
5207,3,0,7,841,10,1,68
5208,1,2,13,2546,32,0,21
5209,0,6,9,175,80,1,50
5210,0,5,19,1078,40,1,105
5211,2,1,13,1766,327,0,333
5212,0,6,9,138,237,1,45
5213,0,2,1,4425,899,2,17
5214,0,6,2,1961,704,2,199
5215,2,2,27,2371,68,0,170
5216,0,4,9,999,63,1,60
5217,0,5,1,510,303,2,22
5218,3,6,6,1229,798,2,354
5219,4,2,17,1494,21,1,36
5220,5,0,17,210,242,1,315
5221,2,0,23,734,401,2,29
5222,1,6,13,801,546,0,118
5223,3,1,2,4529,417,2,222
5224,3,2,4,1565,620,0,207
5225,0,0,19,1267,149,1,338
5226,2,6,4,2129,118,0,318
5227,4,4,19,551,94,1,277
5228,2,1,22,199,12,1,274
5229,2,2,7,970,103,1,195
5230,0,3,1,2221,150,2,105
5231,4,2,15,964,199,0,321
5232,2,4,24,3824,665,2,176
5233,4,3,6,3478,681,2,146
5234,5,5,23,740,82,2,267
5235,2,5,20,451,58,1,180
5236,0,2,4,2377,509,0,301
5237,0,5,21,578,666,0,347
5238,3,2,16,175,22,0,347
5239,0,3,11,1388,83,1,256
5240,2,6,9,940,227,1,358
5241,3,4,6,2098,377,2,17
5242,4,6,4,2401,307,0,194
5243,0,3,9,229,75,1,204
5244,0,0,13,162,156,0,111
5245,5,2,23,3112,445,2,302
5246,3,1,12,578,45,1,34
5247,5,0,7,887,23,1,336
5248,1,6,8,2851,474,2,72
5249,0,1,26,3402,555,2,266
5250,0,1,27,201,136,0,95
5251,3,5,11,252,47,1,165
5252,4,0,4,2162,153,0,286
5253,0,2,3,2005,821,2,98
5254,2,1,21,1661,76,0,225
5255,2,3,19,933,250,1,208
5256,4,6,13,352,39,0,264
5257,0,3,4,1523,612,0,354
5258,1,3,21,1960,210,0,352
5259,4,2,7,341,106,1,320
5260,5,6,27,91,406,0,77
5261,0,3,9,1183,155,1,35
5262,2,3,14,498,532,0,58
5263,4,0,11,502,165,1,12
5264,3,2,1,2092,663,2,271
5265,4,0,29,2722,115,0,276
5266,1,6,24,1796,292,2,80
5267,3,4,5,4889,409,2,239
5268,4,3,25,1049,120,1,132
5269,1,0,18,300,293,1,266
5270,1,4,1,650,816,2,19
5271,0,6,12,1424,230,1,248
5272,0,2,0,2625,436,2,337
5273,0,5,11,257,110,1,275
5274,2,3,8,2041,136,2,233
5275,2,6,9,970,235,1,71
5276,1,2,5,3470,705,2,13
5277,3,2,7,1482,9,1,305
5278,4,4,12,1190,155,1,364
5279,5,6,9,95,147,1,241
5280,3,0,10,1170,693,0,177
5281,2,0,8,2458,726,2,127
5282,0,2,25,1255,100,1,42
5283,4,5,6,2580,406,2,330
5284,0,4,18,1454,112,1,119
5285,4,6,8,1077,264,2,254
5286,0,4,13,2501,593,0,18
5287,0,6,29,644,645,0,139
5288,4,3,29,2878,302,0,78
5289,5,3,20,797,92,1,189
5290,0,5,22,785,12,1,273
5291,5,2,24,2506,480,2,199
5292,3,4,6,3377,232,2,76
5293,4,5,3,4719,441,2,222
5294,3,4,15,2811,486,0,45
5295,5,3,5,1608,860,2,85
5296,4,3,4,1975,407,0,33
5297,4,6,6,3782,512,2,284
5298,4,5,8,926,65,2,320
5299,2,6,2,3368,856,2,288
5300,3,6,15,1283,161,0,238
5301,0,0,14,870,54,0,75
5302,0,4,14,696,27,0,82
5303,4,2,24,837,997,2,130
5304,3,3,11,1151,17,1,296
5305,5,6,12,401,136,1,5
5306,2,0,6,1454,959,2,247
5307,2,6,26,130,860,2,12
5308,1,6,26,2359,793,2,174
5309,1,2,0,1250,230,2,323
5310,4,5,0,692,461,2,146
5311,2,3,29,2094,190,0,208
5312,4,0,11,1299,203,1,197
5313,5,6,4,877,410,0,184
5314,2,1,25,306,252,1,51
5315,1,1,7,321,234,1,36
5316,3,5,1,4742,396,2,226
5317,5,5,24,4043,98,2,202
5318,0,1,24,699,226,2,346
5319,1,6,5,1904,478,2,9
5320,1,3,6,3412,862,2,64
5321,5,4,2,4640,496,2,141
5322,4,2,20,129,166,1,274
5323,5,3,14,29,280,0,87
5324,2,4,20,1342,250,1,202
5325,5,1,21,581,184,0,201
5326,4,5,25,363,241,1,131
5327,4,6,21,1583,29,0,135
5328,0,2,25,1436,285,1,204
5329,2,1,21,1188,657,0,255
5330,3,1,23,2943,734,2,360
5331,2,0,10,373,108,0,281
5332,3,3,10,2248,175,0,3
5333,0,6,29,989,488,0,168
5334,0,0,26,3470,390,2,282
5335,1,0,3,3168,279,2,105
5336,2,2,27,2823,180,0,229
5337,2,2,29,2334,606,0,150
5338,3,3,1,3950,455,2,3
5339,0,0,20,175,210,1,340
5340,4,1,23,3077,346,2,120
5341,0,1,24,2660,102,2,85
5342,2,5,18,698,24,1,79
5343,1,5,23,856,238,2,177
5344,1,1,15,2375,397,0,233
5345,2,3,1,3321,160,2,213
5346,0,3,7,1460,133,1,172
5347,3,5,17,1165,33,1,172
5348,3,3,22,1311,243,1,274
5349,3,5,25,368,47,1,359
5350,3,0,8,3685,259,2,166
5351,3,1,25,191,240,1,319
5352,2,4,18,643,155,1,343
5353,5,3,28,1024,271,0,274
5354,1,3,24,2923,822,2,307
5355,5,2,2,2660,385,2,73
5356,5,0,4,238,88,0,355
5357,3,3,15,38,223,0,309
5358,5,2,16,792,269,0,69
5359,5,3,16,2543,594,0,310
5360,5,5,4,1722,22,0,86
5361,4,2,18,325,103,1,350
5362,4,1,21,78,499,0,165
5363,4,0,3,3630,275,2,140
5364,1,4,14,2379,615,0,120
5365,5,1,25,146,254,1,161
5366,5,5,20,1286,41,1,354
5367,0,0,17,110,7,1,40
5368,2,0,25,1422,300,1,98
5369,0,0,16,2791,594,0,223
5370,3,5,24,1802,111,2,73
5371,3,6,23,1401,435,2,303
5372,4,5,28,1405,332,0,69
5373,1,5,12,564,261,1,314
5374,3,6,4,744,291,0,138
5375,3,0,5,4840,114,2,183
5376,5,3,20,81,18,1,221
5377,1,5,17,1184,100,1,267
5378,5,6,22,1117,203,1,54
5379,5,5,17,1173,146,1,246
5380,5,3,10,563,49,0,117
5381,3,4,21,1687,669,0,112
5382,2,2,17,1348,216,1,204
5383,3,1,16,2518,129,0,90
5384,5,5,28,2528,570,0,294
5385,1,2,4,257,543,0,228
5386,0,5,4,2813,652,0,133
5387,0,1,25,916,147,1,63
5388,2,0,3,4374,818,2,56
5389,2,0,20,786,159,1,67
5390,0,4,2,833,596,2,85
5391,2,1,5,3795,838,2,209
5392,3,0,18,498,169,1,159
5393,0,5,8,4592,65,2,238
5394,2,5,7,566,231,1,28
5395,2,0,18,1307,117,1,68
5396,1,6,7,765,88,1,244
5397,0,5,17,461,278,1,24
5398,5,0,15,2809,290,0,200
5399,3,3,11,1417,5,1,172
5400,5,6,26,3772,948,2,69
5401,1,3,22,124,268,1,150
5402,1,3,1,599,556,2,137
5403,1,3,23,4376,789,2,5
5404,3,2,20,354,46,1,365
5405,4,3,29,2040,232,0,160
5406,0,1,29,1167,102,0,168
5407,4,3,24,453,527,2,17
5408,5,1,22,1201,7,1,260
5409,0,6,1,4430,408,2,70
5410,4,2,29,1260,287,0,339
5411,4,5,1,3319,203,2,177
5412,5,0,25,857,238,1,345
5413,4,4,3,4901,68,2,169
5414,2,6,19,839,99,1,140
5415,5,0,28,2532,439,0,355
5416,3,4,16,615,575,0,157
5417,0,2,17,1496,46,1,356
5418,3,1,22,478,118,1,211
5419,4,2,20,1335,20,1,1
5420,1,3,29,1006,622,0,44
5421,4,3,23,3117,743,2,332
5422,3,2,27,613,614,0,266
5423,3,4,3,3858,116,2,337
5424,4,0,10,1946,273,0,255
5425,1,4,22,1455,90,1,298
5426,1,6,1,4140,736,2,329
5427,4,3,26,4109,210,2,208
5428,1,2,22,566,283,1,69
5429,3,1,7,1155,210,1,314
5430,4,3,24,4342,473,2,265
5431,2,5,13,2440,513,0,3
5432,1,3,16,1750,639,0,137
5433,1,5,7,1030,266,1,138
5434,2,6,23,2582,441,2,99
5435,2,3,3,2099,98,2,252
5436,5,5,21,250,685,0,16
5437,1,1,18,1250,28,1,229
5438,4,4,26,4550,304,2,156
5439,4,3,17,1251,156,1,31
5440,2,5,6,1243,393,2,20
5441,2,3,4,1592,400,0,357
5442,5,4,29,198,462,0,134
5443,0,1,26,3629,350,2,299
5444,1,3,25,228,124,1,202
5445,2,6,1,768,441,2,296
5446,3,4,10,1459,251,0,113
5447,1,4,13,1247,269,0,133
5448,2,4,21,61,464,0,212
5449,5,6,4,1265,681,0,225
5450,5,4,19,670,37,1,55
5451,4,1,4,1868,145,0,310
5452,5,6,7,191,34,1,360
5453,1,3,16,45,422,0,104
5454,5,5,3,3523,899,2,273
5455,2,6,25,932,281,1,231
5456,2,6,16,1051,459,0,83
5457,0,0,7,797,14,1,214
5458,2,1,17,266,66,1,272
5459,5,0,29,208,59,0,15
5460,0,4,24,3347,456,2,281
5461,3,0,10,895,415,0,35
5462,2,0,7,320,112,1,357
5463,1,5,14,2783,245,0,2
5464,4,3,14,1375,330,0,205
5465,5,6,12,413,286,1,115
5466,2,4,24,1404,168,2,311
5467,3,6,5,4825,793,2,149
5468,4,3,11,1342,261,1,182
5469,5,5,7,586,98,1,120
5470,3,4,28,2093,497,0,314
5471,3,0,0,1817,494,2,124
5472,3,1,1,4738,224,2,42
5473,0,3,16,1789,500,0,245
5474,4,5,23,2527,191,2,24
5475,2,1,20,1081,24,1,253
5476,5,1,8,2432,393,2,39
5477,3,4,2,2642,736,2,159
5478,4,4,17,742,264,1,321
5479,0,1,7,148,162,1,159
5480,3,0,16,1329,167,0,19
5481,3,0,21,1607,567,0,0
5482,5,2,4,1245,256,0,3
5483,3,3,24,1891,264,2,195
5484,4,6,7,1484,291,1,305
5485,1,6,7,1304,79,1,136
5486,0,4,26,3419,450,2,227
5487,3,1,0,2485,67,2,110
5488,0,0,23,3939,667,2,6
5489,1,2,28,515,665,0,2
5490,5,2,23,1089,509,2,320
5491,2,0,9,1412,60,1,203
5492,0,1,5,811,735,2,262
5493,4,1,28,2238,99,0,184
5494,5,0,12,514,191,1,329
5495,4,2,0,3561,571,2,251
5496,1,5,0,2283,723,2,362
5497,1,3,19,185,164,1,12
5498,3,2,10,1069,248,0,268
5499,5,1,7,708,10,1,328
5500,0,2,20,942,25,1,222
5501,1,4,6,3437,393,2,276
5502,4,0,5,749,193,2,109
5503,5,6,10,1004,99,0,322
5504,5,6,8,3069,280,2,9
5505,1,3,11,861,7,1,38
5506,5,3,28,1620,647,0,240
5507,4,1,4,2605,383,0,21
5508,4,4,19,54,299,1,206
5509,0,5,9,1298,255,1,251
5510,2,6,10,177,131,0,334
5511,3,0,9,1109,280,1,230
5512,2,0,21,2065,238,0,140
5513,4,4,9,299,97,1,146
5514,4,3,18,150,56,1,17
5515,0,5,24,959,470,2,164
5516,3,2,4,1347,306,0,4
5517,3,2,8,2501,437,2,136
5518,5,1,3,3127,511,2,361
5519,1,1,6,2027,381,2,2
5520,0,6,1,1715,952,2,308
5521,1,1,14,1547,210,0,177
5522,5,6,19,716,237,1,114
5523,2,0,18,1229,118,1,37
5524,0,2,13,1820,287,0,348
5525,0,6,19,788,142,1,364
5526,3,6,9,1048,101,1,93
5527,3,1,10,2047,98,0,279
5528,4,6,4,685,370,0,260
5529,4,5,29,208,44,0,12
5530,5,0,16,2840,157,0,311
5531,4,6,17,1400,145,1,330
5532,5,1,10,2351,461,0,72
5533,3,2,23,1896,728,2,78
5534,0,5,21,238,450,0,272
5535,2,6,1,595,245,2,243
5536,4,0,6,3333,488,2,2
5537,1,1,18,99,138,1,35
5538,5,6,23,792,390,2,208
5539,5,4,24,3896,68,2,191
5540,1,4,27,2661,127,0,212
5541,2,2,25,1189,36,1,257
5542,4,3,17,92,133,1,270
5543,3,6,23,1467,334,2,45
5544,3,1,10,1597,548,0,241
5545,0,4,4,2281,385,0,44
5546,0,2,2,3715,502,2,245
5547,5,4,7,741,194,1,205
5548,1,5,15,1285,278,0,203
5549,1,2,26,3168,374,2,162
5550,4,2,24,425,546,2,159
5551,1,3,3,3232,747,2,26
5552,2,3,18,158,250,1,131
5553,2,4,8,4936,289,2,25
5554,0,3,1,3458,606,2,271
5555,0,3,25,662,149,1,13
5556,5,4,16,2370,483,0,64
5557,5,1,24,3026,131,2,147
5558,5,6,2,4111,571,2,209
5559,5,3,14,1304,230,0,110
5560,4,1,9,1377,157,1,292
5561,4,6,1,272,154,2,99
5562,1,6,16,2566,616,0,220
5563,3,5,11,871,26,1,119
5564,3,2,7,644,67,1,137
5565,4,4,21,2256,554,0,143
5566,3,6,12,1490,117,1,36
5567,4,2,22,1170,270,1,336
5568,4,4,9,410,74,1,166
5569,2,5,21,1794,18,0,307
5570,3,4,10,696,136,0,221
5571,2,1,17,900,18,1,305
5572,2,3,5,4771,384,2,115
5573,2,4,14,355,79,0,23
5574,1,3,12,1226,277,1,47
5575,2,3,23,720,378,2,317
5576,5,5,20,436,201,1,58
5577,4,5,26,3907,688,2,101
5578,2,1,5,4377,53,2,7
5579,3,6,8,3337,805,2,139
5580,4,5,9,397,225,1,164
5581,1,5,11,519,144,1,272
5582,2,4,0,3980,224,2,279
5583,3,3,26,394,230,2,305
5584,0,1,24,4752,202,2,165
5585,2,4,18,14,175,1,31
5586,0,6,6,1177,493,2,281
5587,2,5,0,4737,233,2,202
5588,2,0,20,182,293,1,324
5589,3,0,8,4759,442,2,290
5590,4,1,5,358,860,2,214
5591,1,6,28,395,526,0,104
5592,5,1,18,569,175,1,321
5593,3,2,26,2239,591,2,169
5594,4,2,11,320,224,1,211
5595,2,2,2,922,589,2,242
5596,0,2,4,948,530,0,9
5597,3,3,24,4071,553,2,191
5598,1,1,8,3260,957,2,5
5599,0,3,6,865,91,2,94
5600,3,4,14,2275,430,0,110
5601,3,2,5,3733,331,2,272
5602,5,1,20,930,69,1,276
5603,5,5,8,3274,801,2,79
5604,3,3,28,662,370,0,187
5605,3,1,20,23,271,1,327
5606,3,2,6,381,578,2,130
5607,5,1,20,166,127,1,365
5608,2,6,10,839,127,0,64
5609,2,3,24,3122,433,2,62
5610,0,4,0,1083,147,2,337
5611,0,0,18,32,195,1,238
5612,1,6,24,2864,68,2,189
5613,3,3,15,845,195,0,151
5614,0,6,29,1599,619,0,120
5615,4,5,19,203,260,1,261
5616,4,0,5,3687,719,2,148
5617,1,0,8,4905,594,2,44
5618,3,1,18,1060,162,1,210
5619,0,6,1,3933,106,2,114
5620,3,0,14,934,51,0,43
5621,5,6,26,2449,759,2,51
5622,5,2,25,532,286,1,286
5623,2,4,14,663,388,0,173
5624,0,2,18,34,99,1,153
5625,0,4,27,578,201,0,175
5626,1,2,6,4535,79,2,315
5627,4,5,25,143,62,1,323
5628,4,1,6,2299,822,2,292
5629,2,6,21,54,433,0,252
5630,4,6,3,2018,599,2,300
5631,0,0,27,615,691,0,288
5632,1,0,24,635,157,2,28
5633,0,2,28,2112,684,0,290
5634,4,0,16,1110,618,0,140
5635,2,2,16,2326,431,0,306
5636,4,4,7,958,12,1,151
5637,0,3,22,1218,90,1,239
5638,1,5,20,1178,16,1,171
5639,1,6,17,1202,68,1,314
5640,5,6,17,1217,74,1,91
5641,1,6,4,766,147,0,92
5642,0,2,4,2482,167,0,205
5643,1,6,16,1233,270,0,52
5644,1,1,20,608,91,1,88
5645,1,5,25,1428,258,1,179
5646,1,4,9,564,47,1,30
5647,2,3,25,743,149,1,287
5648,1,0,1,2352,550,2,21
5649,0,5,13,2052,285,0,362
5650,1,2,16,2470,365,0,233
5651,4,3,9,1292,150,1,42
5652,1,5,25,753,294,1,232
5653,0,5,20,373,254,1,288
5654,0,2,17,1295,217,1,354
5655,3,3,27,1536,305,0,220
5656,0,6,9,777,122,1,49
5657,3,3,15,1069,274,0,75
5658,1,5,26,3726,71,2,303
5659,1,5,10,2234,617,0,186
5660,4,4,23,1781,468,2,286
5661,2,1,16,1664,195,0,44
5662,5,5,25,1381,206,1,332
5663,3,0,10,1455,333,0,358
5664,5,2,13,2650,429,0,129
5665,5,3,1,1978,651,2,278
5666,0,3,3,1518,770,2,44
5667,2,0,15,2327,268,0,327
5668,5,2,2,2775,698,2,238
5669,1,0,9,1196,137,1,270
5670,0,3,2,2614,259,2,67
5671,3,5,24,3811,506,2,224
5672,0,4,15,1116,222,0,115
5673,3,0,1,1756,282,2,38
5674,0,0,6,2426,728,2,37
5675,0,3,14,2282,662,0,290
5676,3,1,17,333,54,1,14
5677,5,6,14,1346,50,0,219
5678,1,2,27,1489,567,0,78
5679,2,1,2,4144,811,2,52
5680,1,2,16,2581,641,0,303
5681,1,6,4,410,677,0,285
5682,2,6,25,1360,13,1,203
5683,4,2,28,483,104,0,171
5684,4,1,0,4194,558,2,325
5685,4,1,11,835,91,1,35
5686,2,5,7,621,191,1,24
5687,1,4,18,709,232,1,251
5688,5,4,2,4864,815,2,295
5689,0,4,24,4131,563,2,7
5690,2,0,15,2091,254,0,70
5691,0,6,7,1472,17,1,12
5692,0,6,28,1914,382,0,198
5693,3,1,23,3223,715,2,158
5694,3,2,11,100,141,1,145
5695,3,4,3,4104,91,2,158
5696,3,0,17,487,162,1,8
5697,1,4,1,3187,513,2,207
5698,5,2,22,60,36,1,125
5699,4,3,15,1535,59,0,365
5700,1,1,27,487,648,0,297
5701,4,3,0,2107,682,2,299
5702,5,1,17,10,129,1,29
5703,5,6,10,2083,64,0,183
5704,0,2,7,480,96,1,342
5705,3,0,3,2418,302,2,295
5706,1,6,1,2194,921,2,209
5707,3,0,1,2361,105,2,27
5708,5,6,6,2775,970,2,354
5709,2,1,27,1112,383,0,340
5710,2,3,12,539,247,1,0
5711,4,6,14,1370,427,0,214
5712,5,3,1,3369,959,2,149
5713,5,3,16,1244,129,0,209
5714,3,4,6,3634,823,2,171
5715,3,3,29,2664,125,0,39
5716,2,5,2,2357,251,2,201
5717,4,6,20,262,258,1,46
5718,0,3,27,2325,617,0,309
5719,5,4,21,286,112,0,44
5720,0,0,15,1122,13,0,180
5721,4,5,3,2240,662,2,321
5722,0,1,19,1130,117,1,324
5723,0,0,7,852,40,1,362
5724,4,3,19,325,182,1,351
5725,0,3,22,1004,263,1,331
5726,5,1,17,295,270,1,41
5727,5,1,26,4901,659,2,175
5728,1,4,3,4975,662,2,63
5729,3,2,25,806,237,1,145
5730,2,0,7,1453,193,1,62
5731,1,3,0,3151,158,2,122
5732,0,1,15,413,573,0,44
5733,5,2,17,1357,165,1,22
5734,2,2,17,779,61,1,268
5735,3,4,1,4864,860,2,47
5736,3,0,14,1615,164,0,362
5737,1,3,27,803,392,0,57
5738,0,2,26,4471,583,2,167
5739,2,5,22,60,142,1,23
5740,4,2,23,1805,719,2,45
5741,0,6,8,4890,437,2,175
5742,1,0,11,445,267,1,219
5743,3,0,5,4078,554,2,329
5744,4,1,28,1342,411,0,26
5745,3,6,22,965,150,1,284
5746,3,2,16,2168,346,0,15
5747,1,3,28,2493,68,0,32
5748,2,2,11,1384,292,1,239
5749,5,1,6,2341,224,2,30
5750,1,2,26,1756,184,2,95
5751,2,0,0,1166,573,2,19
5752,1,6,22,189,206,1,79
5753,5,1,15,265,105,0,219
5754,5,3,11,819,5,1,255
5755,3,6,2,2196,337,2,169
5756,3,3,4,2958,247,0,90
5757,2,2,0,4287,111,2,7
5758,2,6,19,1306,127,1,196
5759,0,6,25,509,234,1,197
5760,2,6,3,2338,394,2,232
5761,5,0,15,2441,655,0,103
5762,4,1,15,2110,161,0,296
5763,2,2,23,562,627,2,281
5764,2,4,25,1460,272,1,53
5765,2,0,27,1719,379,0,289
5766,3,0,13,1128,412,0,111
5767,5,6,5,2905,486,2,97
5768,3,0,25,480,259,1,348
5769,5,3,2,751,392,2,302
5770,3,2,5,3137,917,2,215
5771,0,0,29,1397,539,0,306
5772,2,3,26,3025,580,2,118
5773,0,3,18,1076,101,1,49
5774,1,4,27,2762,96,0,268
5775,1,6,29,618,35,0,61
5776,5,5,5,426,348,2,110
5777,1,2,10,349,81,0,275
5778,2,5,24,2458,265,2,189
5779,2,2,5,1964,537,2,316
5780,5,6,14,2507,66,0,311
5781,3,4,9,543,13,1,187
5782,3,2,25,821,296,1,180
5783,4,2,0,3253,910,2,78
5784,4,3,14,2526,650,0,138
5785,4,2,21,812,307,0,329
5786,5,5,26,2255,603,2,262
5787,0,5,26,4788,216,2,327
5788,3,2,12,1220,52,1,115
5789,3,2,0,3657,884,2,168
5790,2,0,15,2053,90,0,110
5791,5,0,27,495,414,0,314
5792,4,5,12,351,24,1,363
5793,4,1,17,570,275,1,137
5794,2,2,24,3742,849,2,244
5795,5,3,25,1076,158,1,193
5796,3,4,0,3095,256,2,311
5797,3,2,28,199,601,0,204
5798,0,2,20,643,134,1,266
5799,4,5,0,2940,308,2,113
5800,4,6,15,1704,160,0,272
5801,3,1,14,1833,50,0,66
5802,4,2,27,1069,196,0,175
5803,0,5,6,734,220,2,119
5804,4,3,28,493,178,0,161
5805,1,4,21,757,525,0,210
5806,3,5,24,4937,128,2,38
5807,3,0,17,828,192,1,95
5808,2,1,6,460,473,2,203
5809,1,0,23,3112,444,2,270
5810,0,5,7,1374,79,1,30
5811,4,4,18,500,122,1,288
5812,2,6,17,870,242,1,171
5813,5,2,8,3498,851,2,235
5814,2,3,29,1848,258,0,0
5815,3,3,18,816,194,1,20
5816,2,5,3,4165,345,2,25
5817,1,3,27,2684,18,0,136
5818,0,1,19,831,240,1,210
5819,2,4,23,3662,259,2,82
5820,4,5,21,1667,512,0,55
5821,0,3,23,3856,314,2,36
5822,0,4,8,4348,742,2,44
5823,2,5,16,168,556,0,142
5824,0,6,27,935,36,0,196
5825,0,0,27,1065,238,0,144
5826,1,1,2,4229,988,2,33
5827,1,6,28,753,650,0,27
5828,1,0,3,1667,704,2,122
5829,0,6,11,374,61,1,104
5830,0,3,19,1336,107,1,307
5831,1,2,8,327,258,2,315
5832,2,1,4,1302,541,0,144
5833,3,5,18,1032,43,1,183
5834,0,4,10,1119,618,0,88
5835,4,2,21,232,333,0,10
5836,0,1,8,3673,905,2,316
5837,4,6,0,2733,170,2,119
5838,3,4,17,900,191,1,159
5839,3,3,11,1352,233,1,129
5840,0,0,7,183,75,1,183
5841,4,1,12,490,295,1,364
5842,1,6,21,2144,666,0,202
5843,3,6,11,948,286,1,32
5844,1,5,20,530,135,1,285
5845,5,3,25,237,116,1,9
5846,0,6,3,1265,591,2,4
5847,2,1,16,2662,612,0,186
5848,4,4,26,2084,117,2,140
5849,3,0,22,1166,262,1,156
5850,2,4,12,896,149,1,55
5851,0,5,29,2111,637,0,172
5852,5,0,29,2186,228,0,145
5853,2,2,3,1957,726,2,215
5854,4,0,21,1618,220,0,3
5855,1,1,21,1089,432,0,93
5856,0,3,10,2614,309,0,222
5857,4,3,26,4978,386,2,92
5858,2,3,15,1353,242,0,218
5859,0,3,18,1144,293,1,158
5860,4,1,27,776,87,0,290
5861,1,2,24,2149,202,2,15
5862,4,1,22,416,300,1,269
5863,1,0,2,200,925,2,151
5864,1,1,2,386,217,2,322
5865,4,0,14,2326,574,0,358
5866,2,5,17,653,60,1,267
5867,3,1,6,1657,771,2,15
5868,3,2,20,1105,296,1,272
5869,4,3,23,2026,944,2,107
5870,0,3,9,622,92,1,13
5871,2,3,25,1158,114,1,110
5872,0,4,27,2567,425,0,259
5873,2,3,8,3830,899,2,216
5874,4,3,3,4021,87,2,160
5875,1,2,22,1149,270,1,359
5876,2,1,13,2785,35,0,208
5877,3,3,14,1394,87,0,18
5878,2,3,19,769,99,1,256
5879,5,0,10,2960,668,0,129
5880,4,0,11,289,299,1,223
5881,5,1,25,1423,271,1,224
5882,0,3,3,4923,603,2,86
5883,3,5,17,561,61,1,228
5884,0,5,7,1271,121,1,24
5885,4,6,10,2827,492,0,219
5886,3,6,28,1851,280,0,314
5887,3,6,6,1720,655,2,87
5888,4,2,16,148,425,0,24
5889,3,5,13,684,326,0,144
5890,1,3,21,2894,236,0,90
5891,4,1,24,1798,487,2,94
5892,1,0,17,1153,209,1,50
5893,5,0,24,4898,853,2,73
5894,3,3,4,1596,77,0,133
5895,4,4,2,4774,532,2,60
5896,1,6,10,2950,417,0,342
5897,2,4,16,1060,45,0,219
5898,4,4,19,980,112,1,121
5899,3,6,23,3182,303,2,325
5900,1,5,8,1893,504,2,181
5901,2,0,12,1426,94,1,94
5902,2,1,5,1419,298,2,252
5903,5,3,9,820,90,1,62
5904,0,6,29,2827,437,0,225
5905,0,6,19,1343,35,1,277
5906,3,4,22,1384,117,1,232
5907,0,1,8,2106,237,2,74
5908,2,1,27,1966,138,0,250
5909,2,0,19,1494,77,1,250
5910,3,6,28,33,586,0,287
5911,2,3,5,1475,882,2,47
5912,0,3,3,626,167,2,248
5913,0,0,21,1994,212,0,76
5914,1,5,14,99,657,0,322
5915,0,1,17,1036,128,1,315
5916,2,5,2,2590,61,2,143
5917,1,0,8,123,973,2,186
5918,1,0,20,671,24,1,181
5919,3,1,0,2630,661,2,318
5920,0,6,25,488,19,1,4
5921,5,6,7,396,78,1,0
5922,2,1,13,228,633,0,114
5923,1,3,19,223,223,1,88
5924,4,0,3,2934,970,2,352
5925,2,4,13,2971,230,0,132
5926,2,4,21,2318,257,0,192
5927,0,1,12,1386,238,1,248
5928,4,6,10,2523,209,0,35
5929,4,2,26,319,496,2,7
5930,3,6,11,1303,246,1,7
5931,5,6,22,289,220,1,351
5932,2,1,9,58,144,1,85
5933,3,2,29,2403,533,0,125
5934,4,3,21,265,690,0,232
5935,0,5,25,1257,294,1,190
5936,1,4,6,427,139,2,0
5937,0,0,23,1372,961,2,67
5938,4,2,20,1080,24,1,154
5939,4,6,7,643,7,1,333
5940,5,3,16,103,240,0,207
5941,2,2,22,1044,275,1,47
5942,4,1,22,466,217,1,126
5943,3,1,9,1206,119,1,335
5944,4,5,28,305,691,0,98
5945,2,5,2,3099,329,2,316
5946,0,3,14,598,618,0,32
5947,3,2,17,1475,147,1,364
5948,2,3,7,872,171,1,346
5949,5,2,23,2866,53,2,257
5950,5,3,24,3351,603,2,318
5951,4,4,14,2500,418,0,88
5952,1,1,3,3062,672,2,198
5953,3,5,6,4294,815,2,75
5954,1,6,22,1194,192,1,245
5955,2,1,23,1357,403,2,266
5956,5,2,20,804,210,1,53
5957,3,5,14,767,499,0,188
5958,3,4,3,2443,254,2,144
5959,2,0,11,76,88,1,289
5960,5,1,0,1344,648,2,203
5961,2,1,16,446,293,0,248
5962,5,6,10,2141,154,0,29
5963,1,3,21,209,60,0,339
5964,1,3,6,123,310,2,42
5965,2,5,17,1490,124,1,233
5966,2,1,5,3690,557,2,108
5967,3,3,12,774,40,1,256
5968,3,5,26,103,378,2,62
5969,3,0,8,3891,269,2,102
5970,5,3,3,4334,560,2,8
5971,2,0,18,1097,164,1,185
5972,4,3,12,1467,238,1,142
5973,4,3,7,96,140,1,325
5974,1,5,6,2785,768,2,85
5975,1,0,10,2081,589,0,140
5976,5,3,14,195,192,0,225
5977,4,4,21,1413,676,0,87
5978,0,3,6,1541,887,2,301
5979,3,1,9,417,289,1,240
5980,4,1,4,2267,678,0,146
5981,3,3,27,1343,10,0,155
5982,1,1,14,90,221,0,127
5983,4,4,24,4048,656,2,216
5984,0,1,11,22,256,1,83
5985,4,0,9,1282,114,1,202
5986,0,2,5,326,928,2,257
5987,3,6,1,2974,396,2,275
5988,5,3,14,261,204,0,121
5989,1,0,12,941,108,1,153
5990,3,1,4,710,529,0,94
5991,3,2,5,2427,752,2,167
5992,1,1,16,518,28,0,347
5993,2,4,27,2201,299,0,97
5994,4,2,28,823,550,0,120
5995,1,0,7,1316,9,1,189
5996,2,3,28,2088,470,0,64
5997,4,1,1,3904,772,2,289
5998,1,0,1,2727,778,2,209
5999,4,3,7,175,75,1,150
6000,5,2,10,1957,301,0,310
6001,1,0,19,677,25,1,349
6002,0,4,23,3694,423,2,101
6003,2,2,0,491,578,2,13
6004,3,6,13,2579,402,0,26
6005,5,0,13,2095,165,0,294
6006,2,6,15,2542,156,0,305
6007,2,0,20,1069,290,1,181
6008,4,1,2,2592,455,2,7
6009,5,5,9,207,223,1,133
6010,1,4,27,808,663,0,116
6011,3,1,28,1852,419,0,292
6012,2,1,11,219,82,1,32
6013,5,1,7,314,134,1,185
6014,2,1,17,574,216,1,162
6015,1,1,9,600,13,1,340
6016,3,2,3,2917,348,2,121
6017,2,4,10,803,473,0,51
6018,4,2,7,1196,197,1,21
6019,1,3,21,1891,156,0,32
6020,5,3,19,922,134,1,224
6021,5,1,27,378,123,0,227
6022,2,1,9,690,42,1,230
6023,4,5,13,1840,500,0,50
6024,1,5,13,1354,291,0,213
6025,4,3,6,3438,792,2,247
6026,5,0,20,1370,241,1,235
6027,3,0,29,1291,411,0,321
6028,5,5,6,1512,650,2,185
6029,2,6,8,1339,116,2,271
6030,4,5,12,1025,126,1,170
6031,2,4,4,1240,151,0,184
6032,1,1,13,1838,432,0,322
6033,0,0,28,2999,592,0,35
6034,4,3,6,725,260,2,85
6035,2,1,18,1348,242,1,262
6036,4,5,27,954,86,0,246
6037,4,2,0,4836,339,2,185
6038,3,3,21,879,348,0,236
6039,4,2,22,428,123,1,165
6040,3,4,0,3170,68,2,213
6041,5,1,7,1222,81,1,265
6042,5,0,3,2066,656,2,361
6043,1,1,20,1175,230,1,362
6044,1,2,4,2261,527,0,274
6045,5,6,21,2113,302,0,355
6046,5,3,29,573,686,0,40
6047,3,0,2,1273,704,2,232
6048,4,6,4,228,696,0,349
6049,3,4,29,1916,202,0,346
6050,5,1,24,603,246,2,98
6051,5,1,9,586,167,1,235
6052,4,4,29,234,602,0,37
6053,5,1,1,1227,898,2,273
6054,3,1,11,239,54,1,168
6055,0,0,0,4807,812,2,182
6056,0,0,26,4653,149,2,292
6057,0,5,1,2137,739,2,92
6058,3,5,29,2171,278,0,311
6059,3,2,1,966,643,2,4
6060,0,5,29,351,324,0,228
6061,2,4,6,3997,946,2,79
6062,5,5,29,1555,277,0,324
6063,3,6,12,862,183,1,59
6064,2,0,16,670,643,0,120
6065,5,4,16,753,135,0,55
6066,3,6,10,1746,680,0,231
6067,5,2,9,804,18,1,196
6068,2,2,7,1204,132,1,59
6069,4,5,13,196,158,0,34
6070,0,5,16,537,238,0,32
6071,1,5,22,1274,179,1,288
6072,4,5,0,1392,840,2,205
6073,2,1,24,713,199,2,162
6074,0,6,21,1294,161,0,188
6075,2,1,25,528,54,1,91
6076,0,0,28,534,582,0,271
6077,3,0,16,2543,113,0,269
6078,0,0,9,774,249,1,297
6079,3,6,26,610,914,2,89
6080,5,2,26,4926,600,2,64
6081,1,0,3,1648,959,2,105
6082,3,6,7,853,250,1,73
6083,0,3,29,611,276,0,20
6084,4,2,8,1376,420,2,91
6085,5,6,1,4441,231,2,154
6086,3,5,17,344,117,1,20
6087,3,0,10,2788,640,0,222
6088,0,2,12,435,273,1,164
6089,1,2,7,233,36,1,34
6090,2,4,17,1393,190,1,6
6091,4,5,1,945,121,2,53
6092,2,3,2,4859,861,2,10
6093,1,6,19,953,189,1,168
6094,2,5,18,1445,269,1,213
6095,4,2,29,1908,409,0,122
6096,1,4,24,3513,954,2,158
6097,5,6,26,2200,651,2,54
6098,2,2,20,1110,10,1,44
6099,3,4,20,1388,71,1,298
6100,1,4,27,2325,91,0,3
6101,3,4,20,831,225,1,79
6102,1,4,3,4230,678,2,294
6103,3,5,0,3395,864,2,325
6104,4,0,27,426,462,0,201
6105,5,3,13,2227,10,0,147
6106,5,0,2,3805,783,2,35
6107,5,2,18,15,290,1,232
6108,2,3,28,176,438,0,350
6109,4,3,8,2872,521,2,307
6110,4,6,24,1538,462,2,203
6111,3,5,10,2117,386,0,110
6112,3,4,9,1500,49,1,276
6113,4,0,12,992,274,1,185
6114,2,5,21,2902,649,0,96
6115,0,1,24,4051,1000,2,117
6116,4,0,18,863,147,1,153
6117,4,6,11,43,192,1,299
6118,4,2,3,1000,431,2,234
6119,1,5,16,870,137,0,4
6120,0,3,16,564,370,0,310
6121,1,2,18,1019,292,1,314
6122,0,6,7,600,175,1,62
6123,1,2,28,836,271,0,288
6124,4,2,13,753,130,0,120
6125,0,0,17,1179,31,1,132
6126,3,2,16,529,472,0,82
6127,0,0,19,1470,255,1,56
6128,5,1,23,1334,745,2,95
6129,0,1,16,623,63,0,256
6130,0,3,29,927,347,0,174
6131,5,3,17,904,219,1,26
6132,0,6,25,603,249,1,26
6133,2,6,23,4643,445,2,190
6134,5,2,22,299,50,1,20
6135,1,6,0,1174,298,2,16
6136,2,3,20,746,28,1,130
6137,1,0,18,1384,47,1,82
6138,0,3,14,220,53,0,63
6139,2,6,4,2044,431,0,108
6140,3,0,9,745,205,1,209
6141,3,5,16,2992,692,0,253
6142,4,1,15,1003,428,0,9
6143,3,4,8,4703,396,2,330
6144,0,5,2,3870,652,2,250
6145,0,1,15,531,429,0,137
6146,4,0,22,102,130,1,147
6147,2,5,4,2464,659,0,258
6148,1,5,13,363,623,0,133
6149,1,4,9,817,32,1,313
6150,4,4,24,245,992,2,161
6151,1,4,23,3455,800,2,114
6152,0,4,24,2969,254,2,56
6153,1,2,18,1408,134,1,248
6154,5,3,11,563,206,1,285
6155,2,6,4,213,564,0,74
6156,2,3,27,1969,60,0,199
6157,3,0,2,834,534,2,247
6158,4,3,2,3964,550,2,277
6159,5,5,28,171,170,0,190
6160,4,2,12,1136,161,1,328
6161,5,5,1,3780,760,2,70
6162,2,5,9,778,213,1,178
6163,3,0,20,998,297,1,207
6164,5,5,24,1523,224,2,23
6165,4,3,11,535,276,1,304
6166,2,3,28,2072,575,0,59
6167,1,1,29,795,120,0,316
6168,0,3,10,2534,656,0,87
6169,2,1,15,1054,560,0,95
6170,4,3,1,552,226,2,8
6171,4,0,6,474,130,2,177
6172,4,6,12,1097,183,1,186
6173,0,0,19,1066,20,1,363
6174,0,2,10,614,675,0,185
6175,0,6,10,1992,597,0,159
6176,3,0,11,41,280,1,81
6177,3,4,0,4403,114,2,157
6178,3,3,4,882,304,0,336
6179,5,2,19,1198,256,1,178
6180,3,1,15,2930,381,0,249
6181,3,0,28,1553,159,0,159
6182,2,2,17,183,187,1,139
6183,5,1,23,3306,309,2,71
6184,3,1,21,475,360,0,348
6185,0,2,21,2097,278,0,72
6186,2,1,21,1041,141,0,353
6187,4,3,29,1799,515,0,318
6188,4,6,28,2768,602,0,344
6189,5,2,8,1335,888,2,121
6190,0,2,18,934,53,1,322
6191,1,0,21,1316,90,0,38
6192,2,5,29,2995,305,0,198
6193,2,3,6,1914,667,2,272
6194,3,2,15,1630,575,0,159
6195,2,2,19,133,221,1,237
6196,2,3,3,2783,960,2,193
6197,5,2,1,4053,563,2,342
6198,5,4,28,1408,144,0,121
6199,5,0,19,1190,167,1,171
6200,4,2,2,3460,998,2,263
6201,1,2,0,1392,668,2,66
6202,0,3,23,2737,263,2,39
6203,1,0,17,839,255,1,152
6204,2,3,21,22,295,0,141
6205,3,6,21,2195,439,0,131
6206,1,2,5,1719,411,2,103
6207,4,0,11,1417,137,1,73
6208,5,3,7,1333,226,1,294
6209,3,6,6,3765,138,2,361
6210,4,2,12,623,199,1,225
6211,2,2,10,2039,415,0,26
6212,1,3,28,2650,392,0,341
6213,4,5,18,998,209,1,130
6214,0,6,11,475,247,1,215
6215,1,1,8,4090,239,2,86
6216,5,4,29,2928,221,0,168
6217,5,1,9,479,18,1,150
6218,5,3,5,965,591,2,143
6219,1,5,22,1116,47,1,22
6220,2,5,21,1451,639,0,349
6221,3,2,8,1587,599,2,234
6222,2,3,3,2911,451,2,80
6223,2,1,14,38,156,0,115
6224,0,1,18,845,70,1,275
6225,4,4,23,318,930,2,67
6226,0,2,18,1351,78,1,293
6227,5,1,29,266,260,0,195
6228,3,4,2,2758,885,2,99
6229,3,1,24,4244,407,2,35
6230,0,0,25,1151,171,1,176
6231,4,3,17,255,233,1,93
6232,5,3,3,2884,797,2,227
6233,1,4,20,982,162,1,227
6234,5,4,14,1266,670,0,77
6235,0,2,22,269,148,1,278
6236,4,6,5,4499,137,2,352
6237,0,0,22,811,90,1,119
6238,1,3,3,3074,736,2,347
6239,5,5,12,1434,289,1,330
6240,4,2,25,44,290,1,51
6241,3,2,28,950,110,0,150
6242,4,2,24,3122,872,2,98
6243,0,6,1,4077,371,2,38
6244,5,0,24,1294,938,2,266
6245,2,0,2,4442,890,2,359
6246,3,2,0,279,408,2,67
6247,2,3,23,1538,120,2,115
6248,1,4,17,1219,106,1,102
6249,2,6,6,1772,482,2,49
6250,3,1,27,2780,95,0,170
6251,5,2,11,380,29,1,22
6252,1,2,19,977,262,1,0
6253,1,3,21,83,542,0,336
6254,4,6,18,566,51,1,231
6255,2,6,22,16,93,1,170
6256,4,4,2,4484,773,2,327
6257,0,5,5,2919,448,2,361
6258,0,6,11,1369,225,1,316
6259,0,2,13,1276,534,0,131
6260,3,6,15,1996,206,0,118
6261,2,0,29,1451,554,0,339
6262,0,2,9,400,207,1,202
6263,1,5,23,1045,929,2,74
6264,5,6,29,2826,29,0,115
6265,0,1,5,3522,80,2,299
6266,3,1,17,1380,163,1,253
6267,4,1,7,552,213,1,295
6268,1,3,2,3141,255,2,209
6269,1,6,25,423,265,1,362
6270,0,4,6,630,91,2,299
6271,4,6,25,517,54,1,21
6272,1,3,7,1070,43,1,185
6273,2,3,8,3149,216,2,1
6274,2,5,13,949,612,0,355
6275,1,3,3,4567,277,2,220
6276,5,0,16,2422,570,0,70
6277,0,2,27,2654,120,0,59
6278,5,2,11,581,298,1,340
6279,0,0,17,1492,293,1,37
6280,1,4,22,12,292,1,127
6281,0,4,16,2846,318,0,278
6282,5,0,16,2971,342,0,301
6283,2,6,13,1811,207,0,47
6284,1,5,18,1299,294,1,194
6285,4,2,13,702,422,0,271
6286,5,1,13,448,386,0,288
6287,4,4,27,416,72,0,86
6288,1,2,11,1068,100,1,216
6289,2,5,22,1111,244,1,345
6290,2,0,12,389,114,1,288
6291,1,6,12,734,286,1,225
6292,0,2,0,4297,728,2,263
6293,3,4,16,1384,429,0,214
6294,3,2,7,1106,105,1,102
6295,3,4,4,385,419,0,70
6296,1,1,16,1770,602,0,107
6297,2,6,11,36,189,1,299
6298,2,0,27,1198,186,0,139
6299,3,0,22,1163,37,1,109
6300,5,4,11,1027,298,1,357
6301,1,4,18,92,92,1,151
6302,3,3,20,1364,200,1,117
6303,2,3,6,1092,942,2,270
6304,1,5,20,290,69,1,46
6305,1,4,18,268,230,1,211
6306,3,1,10,25,128,0,73
6307,2,4,8,1337,978,2,84
6308,3,0,16,1466,540,0,302
6309,4,1,17,1222,281,1,305
6310,5,4,19,505,40,1,153
6311,1,1,3,3482,510,2,106
6312,2,2,16,869,666,0,66
6313,0,5,8,2460,413,2,18
6314,1,6,18,523,64,1,320
6315,3,0,17,809,183,1,50
6316,0,1,9,1039,270,1,112
6317,4,1,17,158,249,1,147
6318,3,1,19,803,289,1,11
6319,1,1,7,1190,107,1,56
6320,3,2,23,2015,905,2,257
6321,0,2,25,1241,160,1,140
6322,0,3,24,2770,935,2,201
6323,2,4,14,677,322,0,305
6324,0,1,2,1590,50,2,45
6325,1,3,19,1109,178,1,325
6326,0,0,11,1334,173,1,331
6327,3,1,8,2011,266,2,342
6328,4,3,28,1823,317,0,334
6329,5,0,23,4095,811,2,305
6330,0,5,15,2083,134,0,273
6331,3,2,22,1208,180,1,194
6332,1,6,1,1420,990,2,343
6333,3,5,1,580,536,2,263
6334,1,4,12,1302,18,1,350
6335,5,0,10,590,544,0,334
6336,2,1,7,1371,19,1,2
6337,3,3,2,4903,161,2,207
6338,3,5,29,1687,462,0,285
6339,4,5,17,1194,180,1,271
6340,2,1,28,1258,353,0,352
6341,2,4,3,330,172,2,254
6342,1,1,17,645,103,1,63
6343,2,4,28,2603,17,0,117
6344,1,1,22,1410,17,1,184
6345,5,3,15,259,92,0,4
6346,4,1,28,2623,172,0,354
6347,2,2,17,1165,104,1,201
6348,5,1,22,37,229,1,54
6349,3,2,12,1149,81,1,69
6350,3,5,18,928,21,1,180
6351,4,6,25,1049,90,1,25
6352,0,3,11,268,230,1,195
6353,5,0,4,931,417,0,353
6354,0,4,23,1228,282,2,161
6355,0,4,26,2979,447,2,197
6356,1,2,23,168,823,2,18
6357,2,6,0,2189,737,2,246
6358,0,6,4,1841,89,0,250
6359,3,4,11,1169,181,1,15
6360,5,4,10,2747,238,0,341
6361,2,4,9,1318,139,1,207
6362,4,4,29,2020,327,0,83
6363,5,3,5,2634,592,2,170
6364,2,1,22,782,153,1,70
6365,5,1,21,508,590,0,357
6366,1,1,6,1962,852,2,238
6367,4,0,10,983,309,0,288
6368,2,1,19,1496,85,1,65
6369,3,2,16,1128,271,0,119
6370,2,6,29,2761,259,0,354
6371,3,6,26,1417,230,2,117
6372,4,3,29,2410,79,0,93
6373,1,4,5,3103,148,2,147
6374,3,4,4,1359,400,0,63
6375,3,3,0,4685,869,2,164
6376,1,0,18,743,172,1,159
6377,1,6,19,1478,175,1,84
6378,0,6,24,1469,680,2,131
6379,5,4,13,2165,94,0,14
6380,3,2,9,1138,176,1,285
6381,3,6,20,1097,250,1,300
6382,4,6,29,1674,574,0,104
6383,1,6,27,1498,566,0,35
6384,3,4,24,3853,136,2,116
6385,3,2,27,694,458,0,23
6386,4,1,10,1271,237,0,308
6387,4,3,5,4695,685,2,11
6388,5,6,6,2688,981,2,194
6389,0,2,28,766,36,0,204
6390,5,6,8,3706,973,2,316
6391,1,3,5,576,444,2,160
6392,0,2,6,1745,963,2,267
6393,3,3,0,1094,460,2,346
6394,1,0,4,1913,521,0,14
6395,0,0,9,731,100,1,3
6396,0,2,12,393,242,1,302
6397,4,0,10,2668,402,0,232
6398,3,2,19,974,69,1,85
6399,1,1,25,804,271,1,125
6400,0,0,4,1340,409,0,113
6401,5,6,21,1854,31,0,29
6402,3,6,29,999,257,0,242
6403,5,0,22,265,280,1,336
6404,3,3,12,1355,148,1,49
6405,5,4,14,2946,636,0,221
6406,1,5,18,778,178,1,76
6407,3,3,8,2611,502,2,134
6408,4,6,5,2128,624,2,229
6409,4,4,25,829,165,1,177
6410,4,2,13,1699,100,0,184
6411,3,3,18,159,238,1,242
6412,5,3,12,576,290,1,139
6413,3,2,12,1466,48,1,17
6414,2,4,4,96,143,0,169
6415,1,4,23,2546,262,2,307
6416,1,3,14,622,339,0,151
6417,5,0,19,1080,164,1,278
6418,2,1,8,268,166,2,101
6419,1,2,2,4642,687,2,211
6420,2,2,4,1591,602,0,181
6421,0,1,16,1134,439,0,341
6422,5,3,22,1121,5,1,241
6423,1,6,0,2025,310,2,13
6424,0,3,20,375,134,1,238
6425,4,1,25,1151,54,1,169
6426,0,1,15,2832,478,0,211
6427,4,2,16,2968,328,0,85
6428,5,6,12,1436,115,1,325
6429,3,1,17,611,219,1,238
6430,2,4,11,1467,65,1,77
6431,2,5,12,730,241,1,281
6432,4,0,14,43,686,0,348
6433,5,2,20,1220,142,1,257
6434,4,5,11,1197,288,1,271
6435,3,4,1,685,997,2,113
6436,5,6,19,140,207,1,137
6437,5,3,15,1736,634,0,355
6438,4,6,23,2010,255,2,3
6439,4,5,4,659,514,0,79
6440,4,0,8,4129,866,2,185
6441,2,0,17,778,130,1,47
6442,1,6,27,1657,212,0,34
6443,1,5,23,771,635,2,111
6444,4,1,8,3051,855,2,355
6445,1,0,5,1388,899,2,134
6446,4,4,22,861,97,1,207
6447,1,0,19,996,118,1,29
6448,1,6,27,2590,467,0,295
6449,4,0,23,2964,524,2,285
6450,2,6,28,554,627,0,118
6451,0,3,18,1356,20,1,352
6452,3,6,0,520,85,2,66
6453,1,5,21,891,453,0,300
6454,3,4,7,178,137,1,248
6455,4,3,29,369,391,0,251
6456,0,3,4,2079,240,0,239
6457,1,0,21,1277,602,0,230
6458,3,6,18,192,58,1,142
6459,1,4,1,2686,457,2,329
6460,5,5,22,924,220,1,170
6461,3,0,6,3409,98,2,302
6462,5,3,25,493,155,1,244
6463,2,3,6,4330,311,2,305
6464,2,3,11,1307,221,1,63
6465,3,5,25,836,86,1,93
6466,2,4,9,1228,257,1,46
6467,2,3,5,3297,900,2,190
6468,0,6,19,96,68,1,5
6469,3,0,7,364,155,1,206
6470,1,2,26,1475,799,2,87
6471,1,5,2,777,825,2,340
6472,4,1,16,577,651,0,138
6473,5,1,19,402,270,1,187
6474,3,6,7,1193,291,1,27
6475,2,6,11,229,33,1,97
6476,2,2,22,1209,235,1,111
6477,2,3,16,1331,103,0,91
6478,0,2,4,1369,351,0,184
6479,4,6,2,370,651,2,356
6480,2,5,4,357,286,0,169
6481,2,2,1,1014,757,2,190
6482,2,3,24,4531,335,2,205
6483,4,3,2,482,610,2,278
6484,4,3,24,2676,341,2,283
6485,3,1,11,1082,254,1,340
6486,2,2,20,960,296,1,108
6487,1,4,22,390,29,1,113
6488,4,1,1,3760,566,2,15
6489,2,4,11,550,300,1,57
6490,3,6,12,75,116,1,7
6491,4,1,12,15,252,1,209
6492,4,3,8,2977,246,2,82
6493,5,3,9,232,170,1,91
6494,5,6,21,718,599,0,98
6495,5,5,4,1292,249,0,70
6496,1,1,1,4085,251,2,99
6497,5,5,3,1804,174,2,59
6498,3,6,28,2856,141,0,93
6499,2,5,25,271,21,1,326
6500,5,3,22,579,117,1,350
6501,1,6,25,12,159,1,38
6502,2,0,2,2218,595,2,256
6503,1,3,0,1274,600,2,22
6504,1,3,27,2377,304,0,75
6505,4,4,3,253,783,2,204
6506,0,1,6,2970,353,2,269
6507,5,5,11,276,164,1,126
6508,2,3,25,895,207,1,337
6509,3,6,15,1699,519,0,211
6510,3,5,1,235,936,2,363
6511,4,1,16,1009,439,0,164
6512,3,6,20,964,55,1,355
6513,1,2,10,1074,665,0,330
6514,1,5,18,246,255,1,277
6515,3,5,8,4825,892,2,198
6516,0,4,6,1097,601,2,139
6517,3,3,14,658,270,0,255
6518,1,0,14,2139,395,0,152
6519,3,0,10,845,449,0,294
6520,1,3,15,2989,316,0,296
6521,4,0,17,140,205,1,10
6522,3,3,22,394,156,1,40
6523,5,6,11,122,90,1,287
6524,3,5,14,518,263,0,347
6525,5,2,1,4523,351,2,250
6526,2,5,10,2550,390,0,52
6527,5,0,5,1011,878,2,301
6528,0,1,0,826,318,2,12
6529,2,6,15,2504,422,0,301
6530,2,5,5,4881,88,2,320
6531,3,5,13,2260,17,0,357
6532,3,0,8,2656,164,2,2
6533,4,4,17,932,211,1,137
6534,4,0,21,2642,591,0,21
6535,0,5,28,2541,20,0,48
6536,1,5,6,4071,415,2,36
6537,2,3,6,1727,311,2,158
6538,0,3,20,1001,10,1,260
6539,5,6,2,2231,895,2,302
6540,5,3,6,2897,771,2,122
6541,1,2,8,1572,154,2,129
6542,4,0,20,628,11,1,179
6543,4,0,29,1785,462,0,364
6544,0,5,7,879,101,1,236
6545,2,4,22,701,283,1,231
6546,3,6,3,4053,346,2,223
6547,0,1,27,1731,557,0,257
6548,4,3,2,2565,770,2,290
6549,3,1,8,3268,682,2,334
6550,0,3,0,2115,918,2,68
6551,2,5,24,1638,830,2,94
6552,2,2,9,602,90,1,274
6553,3,2,13,1351,357,0,258
6554,5,4,23,1465,703,2,13
6555,5,1,18,68,289,1,86
6556,3,4,21,1234,591,0,47
6557,5,3,23,259,852,2,202
6558,0,3,10,110,659,0,253
6559,2,2,11,930,123,1,43
6560,4,3,17,1344,222,1,132
6561,3,5,12,947,85,1,360
6562,5,6,7,692,92,1,304
6563,5,1,16,2054,42,0,30
6564,4,2,20,943,117,1,169
6565,5,2,4,1363,700,0,320
6566,3,2,11,1426,143,1,38
6567,3,2,23,2372,262,2,301
6568,5,1,24,2200,880,2,140
6569,5,4,20,66,58,1,113
6570,3,6,11,509,26,1,311
6571,2,3,27,2159,230,0,51
6572,4,6,16,2052,89,0,336
6573,2,2,25,114,201,1,20
6574,4,2,1,348,70,2,82
6575,4,0,26,4108,73,2,329
6576,5,6,11,216,211,1,335
6577,5,4,14,1303,166,0,69
6578,0,5,21,1584,176,0,327
6579,0,6,26,2078,526,2,156
6580,3,6,14,1725,271,0,133
6581,0,5,13,901,103,0,62
6582,3,1,9,785,115,1,77
6583,2,3,12,1098,225,1,313
6584,3,0,9,973,173,1,159
6585,5,0,5,463,633,2,250
6586,1,4,16,211,107,0,30
6587,4,5,17,1125,55,1,158
6588,2,1,11,475,289,1,306
6589,0,4,10,2776,333,0,203
6590,4,1,15,566,639,0,204
6591,3,0,13,1762,655,0,194
6592,4,1,28,2460,554,0,98
6593,1,2,20,373,132,1,210
6594,3,4,12,388,167,1,153
6595,3,2,4,2789,200,0,32
6596,3,0,9,875,232,1,239
6597,5,1,11,148,285,1,255
6598,1,2,21,2077,323,0,95
6599,4,3,12,535,138,1,94
6600,2,2,1,4150,294,2,172
6601,3,5,23,616,748,2,147
6602,5,5,11,599,124,1,262
6603,5,2,18,1313,103,1,293
6604,1,2,21,1644,263,0,345
6605,5,0,18,762,272,1,193
6606,1,2,12,1308,129,1,304
6607,3,2,7,1055,299,1,192
6608,1,2,4,1706,687,0,261
6609,4,4,20,489,275,1,308
6610,1,3,15,2027,358,0,280
6611,5,2,3,1019,710,2,225
6612,3,0,12,105,147,1,236
6613,2,1,16,361,306,0,283
6614,4,5,20,718,290,1,5
6615,4,3,11,677,179,1,85
6616,2,2,13,2609,547,0,139
6617,2,1,4,459,627,0,148
6618,2,3,16,2984,508,0,150
6619,2,6,11,1041,201,1,160
6620,0,6,16,1639,661,0,292
6621,3,2,17,470,278,1,89
6622,5,4,14,501,523,0,320
6623,5,1,8,3584,840,2,259
6624,0,5,28,1596,569,0,245
6625,2,5,25,953,250,1,290
6626,5,2,6,2169,331,2,325
6627,1,5,23,868,275,2,49
6628,1,4,8,4529,858,2,174
6629,5,2,3,3887,689,2,345
6630,5,6,9,185,208,1,7
6631,0,1,29,1682,375,0,177
6632,3,5,23,1260,110,2,355
6633,2,2,11,739,210,1,285
6634,1,4,14,1843,366,0,115
6635,3,0,27,1280,176,0,39
6636,3,2,24,2385,76,2,357
6637,0,5,27,2232,227,0,294
6638,3,4,22,1202,217,1,282
6639,3,3,29,2531,465,0,168
6640,2,3,13,2679,366,0,343
6641,1,5,25,848,182,1,192
6642,5,1,22,1229,29,1,57
6643,2,2,21,1513,690,0,319
6644,1,4,24,2284,570,2,187
6645,3,0,2,4942,879,2,134
6646,4,0,18,147,162,1,349
6647,2,1,8,1939,824,2,34
6648,3,0,20,18,254,1,234
6649,4,6,17,1202,36,1,79
6650,0,4,23,2390,994,2,17
6651,3,5,21,240,456,0,127
6652,4,6,19,438,158,1,159
6653,0,2,19,1435,35,1,88
6654,3,1,15,1317,358,0,354
6655,5,1,24,3517,644,2,294
6656,1,1,9,1409,213,1,38
6657,4,6,6,4079,330,2,4
6658,0,6,25,1283,175,1,351
6659,1,3,29,1697,166,0,240
6660,2,4,16,2167,571,0,201
6661,3,5,5,4930,384,2,295
6662,0,6,24,4510,208,2,138
6663,0,2,9,1374,204,1,136
6664,5,0,10,217,493,0,230
6665,0,2,11,1196,76,1,214
6666,5,2,25,299,158,1,100
6667,4,3,14,2602,573,0,179
6668,1,3,14,945,600,0,84
6669,5,5,29,1305,594,0,111
6670,4,5,6,2222,926,2,44
6671,5,3,22,1492,56,1,364
6672,1,4,18,13,29,1,49
6673,2,5,4,2006,240,0,30
6674,2,4,15,1716,259,0,279
6675,3,3,7,600,33,1,288
6676,0,6,19,1008,279,1,336
6677,1,5,26,3023,428,2,319
6678,1,4,17,1437,81,1,102
6679,1,2,14,960,214,0,36
6680,0,2,8,1907,324,2,352
6681,5,6,24,2587,995,2,45
6682,5,3,17,780,165,1,303
6683,2,4,3,2896,964,2,296
6684,3,5,11,1363,96,1,245
6685,1,0,19,1071,90,1,130
6686,2,6,28,1596,506,0,128
6687,4,2,16,221,613,0,76
6688,4,2,0,3351,258,2,350
6689,2,4,10,1571,452,0,278
6690,2,2,5,4968,723,2,314
6691,0,2,3,1799,752,2,81
6692,3,4,11,734,247,1,119
6693,1,2,11,39,196,1,100
6694,1,4,27,2616,364,0,149
6695,3,6,19,1119,220,1,157
6696,2,3,18,1388,274,1,306
6697,3,0,14,1029,106,0,196
6698,5,0,17,1434,245,1,83
6699,2,3,5,3036,470,2,48
6700,0,2,8,2374,979,2,73
6701,0,0,4,191,116,0,129
6702,4,2,14,427,567,0,191
6703,5,6,5,1179,781,2,208
6704,0,5,13,101,424,0,194
6705,1,6,2,2683,930,2,356
6706,2,1,0,4233,622,2,58
6707,3,1,14,2309,58,0,241
6708,4,1,28,2669,96,0,4
6709,4,1,22,1009,61,1,228
6710,1,0,20,1006,284,1,320
6711,1,5,11,1381,225,1,316
6712,0,5,9,544,109,1,315
6713,2,3,15,1313,597,0,291
6714,2,0,0,488,740,2,362
6715,0,0,2,2925,897,2,308
6716,5,3,10,689,113,0,309
6717,2,0,16,2166,547,0,69
6718,3,5,7,1252,206,1,275
6719,3,2,8,461,612,2,105
6720,4,6,9,904,224,1,229
6721,0,3,15,218,179,0,137
6722,3,3,29,1488,117,0,28
6723,4,6,28,104,45,0,33
6724,5,1,10,1490,590,0,160
6725,3,6,26,2373,788,2,121
6726,0,4,3,4308,753,2,220
6727,3,0,8,3185,422,2,19
6728,1,6,26,604,465,2,18
6729,3,4,16,2241,621,0,179
6730,1,2,14,1629,99,0,171
6731,3,5,18,101,82,1,166
6732,5,2,3,3575,871,2,270
6733,2,5,9,305,6,1,203
6734,2,5,17,573,211,1,176
6735,5,1,2,3575,344,2,328
6736,2,0,27,2358,165,0,317
6737,4,4,24,1562,201,2,159
6738,5,2,22,146,203,1,116
6739,4,2,21,178,660,0,238
6740,0,1,0,4504,919,2,172
6741,0,5,24,3543,745,2,363
6742,3,5,11,376,8,1,207
6743,2,6,25,275,176,1,239
6744,0,0,8,3196,212,2,247
6745,0,5,20,1101,279,1,342
6746,1,0,10,1216,415,0,57
6747,4,1,6,3845,702,2,286
6748,4,1,22,35,43,1,233
6749,4,1,0,4097,687,2,75
6750,3,6,17,1143,123,1,68
6751,1,1,7,257,178,1,295
6752,0,3,21,136,388,0,203
6753,4,0,22,120,147,1,67
6754,0,0,28,1739,59,0,310
6755,3,3,29,2677,338,0,346
6756,4,3,22,1221,167,1,119
6757,4,0,23,2293,262,2,14
6758,2,4,27,1007,123,0,285
6759,2,3,17,267,37,1,144
6760,1,0,10,115,414,0,208
6761,0,5,14,375,322,0,322
6762,1,4,3,4620,516,2,53
6763,0,1,22,55,96,1,354
6764,2,1,5,3981,191,2,365
6765,4,1,7,396,226,1,107
6766,2,4,18,1188,60,1,76
6767,4,0,20,1358,14,1,321
6768,1,4,15,172,575,0,210
6769,0,4,6,701,623,2,84
6770,3,1,11,190,27,1,251
6771,5,0,13,173,211,0,93
6772,0,0,9,83,36,1,165
6773,2,5,26,2994,131,2,67
6774,2,4,10,2081,240,0,16
6775,2,3,7,341,81,1,99
6776,5,2,14,1890,250,0,358
6777,0,4,25,1226,119,1,186
6778,5,6,10,82,269,0,6
6779,3,0,22,25,68,1,345
6780,1,1,11,1143,64,1,201
6781,1,4,8,3910,393,2,243
6782,5,0,26,1694,920,2,108
6783,2,4,27,1102,691,0,249
6784,5,2,9,1317,273,1,361
6785,0,4,7,1142,247,1,339
6786,5,0,2,1424,219,2,41
6787,2,0,16,2768,278,0,166
6788,1,6,24,261,107,2,65
6789,1,1,8,3769,324,2,216
6790,3,5,3,1093,203,2,361
6791,0,5,7,104,21,1,173
6792,3,1,10,1208,225,0,212
6793,2,4,5,4325,260,2,135
6794,2,2,26,2202,883,2,240
6795,1,6,22,941,159,1,198
6796,1,4,1,497,448,2,156
6797,5,6,1,170,357,2,234
6798,3,1,24,934,493,2,343
6799,2,3,5,569,171,2,221
6800,0,1,15,730,686,0,16
6801,1,4,1,2950,837,2,18
6802,4,3,8,4729,348,2,53
6803,1,0,17,864,91,1,156
6804,2,3,20,321,164,1,303
6805,5,2,22,344,170,1,75
6806,1,4,29,2790,89,0,152
6807,5,1,19,543,69,1,60
6808,3,5,11,221,260,1,186
6809,5,2,2,1610,693,2,146
6810,5,3,13,995,449,0,170
6811,5,6,11,297,84,1,45
6812,0,2,15,2943,586,0,180
6813,5,5,2,3150,334,2,208
6814,4,6,18,217,164,1,209
6815,5,6,3,839,259,2,161
6816,5,5,19,601,70,1,352
6817,5,6,28,118,302,0,83
6818,5,6,25,278,148,1,2
6819,0,6,27,1127,490,0,246
6820,2,6,4,1718,362,0,250
6821,0,6,0,942,135,2,66
6822,4,6,10,914,25,0,45
6823,5,3,26,1677,777,2,283
6824,5,2,2,3465,327,2,41
6825,5,6,17,1171,81,1,290
6826,2,2,3,4868,144,2,200
6827,1,4,20,986,20,1,360
6828,5,2,23,1624,314,2,152
6829,4,1,24,4184,243,2,46
6830,1,1,29,1621,467,0,212
6831,3,0,22,714,156,1,228
6832,5,6,2,3036,473,2,153
6833,3,0,28,2014,654,0,168
6834,5,4,27,402,605,0,344
6835,4,6,22,904,67,1,154
6836,2,6,18,399,78,1,193
6837,5,5,0,1726,552,2,121
6838,1,4,9,827,225,1,191
6839,2,6,8,4577,217,2,113
6840,0,4,29,461,317,0,129
6841,0,5,14,1734,625,0,76
6842,3,3,20,1235,163,1,216
6843,4,1,24,2373,579,2,153
6844,5,4,6,3716,490,2,332
6845,0,1,13,1670,266,0,289
6846,5,5,17,1063,81,1,46
6847,4,2,15,2712,412,0,288
6848,4,2,20,217,152,1,62
6849,0,0,12,417,19,1,304
6850,4,2,15,2357,169,0,303
6851,4,5,6,1901,243,2,88
6852,1,0,29,1076,511,0,264
6853,1,2,28,1075,494,0,180
6854,3,4,15,1154,637,0,62
6855,3,6,12,1166,62,1,185
6856,4,3,17,305,294,1,147
6857,0,1,14,1834,27,0,250
6858,4,6,10,2055,139,0,160
6859,4,3,19,896,94,1,173
6860,0,2,9,1112,72,1,124
6861,2,3,23,3322,858,2,360
6862,1,4,19,482,280,1,83
6863,1,3,27,565,552,0,267
6864,2,6,22,410,239,1,215
6865,2,5,18,1364,169,1,2
6866,0,5,12,679,266,1,215
6867,1,1,26,2971,488,2,201
6868,3,6,9,311,101,1,147
6869,0,2,18,1322,210,1,23
6870,4,1,20,1294,142,1,206
6871,4,6,13,725,353,0,0
6872,5,3,8,3034,771,2,212
6873,0,5,20,573,223,1,20
6874,5,5,6,2836,695,2,235
6875,4,6,23,4744,674,2,36
6876,2,4,22,1187,22,1,241
6877,0,2,15,1365,492,0,323
6878,3,2,19,852,75,1,169
6879,2,3,16,1526,112,0,2
6880,2,3,21,966,186,0,169
6881,3,6,0,2891,168,2,182
6882,0,5,28,1523,644,0,117
6883,5,6,19,900,280,1,146
6884,1,2,7,1344,59,1,147
6885,3,2,9,128,98,1,74
6886,3,6,19,1031,145,1,329
6887,3,0,23,857,882,2,109
6888,2,2,24,441,578,2,55
6889,3,3,19,820,181,1,98
6890,5,0,7,1377,174,1,103
6891,3,0,14,2296,390,0,257
6892,0,6,4,2403,105,0,258
6893,3,1,14,970,548,0,294
6894,3,0,22,556,230,1,128
6895,1,4,6,1976,904,2,99
6896,3,3,8,2953,447,2,222
6897,3,3,12,267,280,1,231
6898,1,0,12,391,180,1,171
6899,3,1,6,2909,635,2,195
6900,5,6,25,123,91,1,114
6901,3,1,22,757,162,1,219
6902,0,3,10,1397,612,0,7
6903,0,4,21,1681,46,0,17
6904,5,0,0,2518,455,2,41
6905,0,0,17,460,247,1,203
6906,4,6,17,1243,164,1,35
6907,1,4,7,948,81,1,334
6908,1,4,6,2818,95,2,61
6909,5,2,14,581,563,0,279
6910,0,2,22,476,91,1,286
6911,4,3,5,983,556,2,312
6912,4,6,20,1289,32,1,290
6913,5,1,8,3459,377,2,146
6914,2,3,18,838,46,1,350
6915,4,5,14,1907,612,0,252
6916,0,1,22,351,232,1,182
6917,4,5,15,394,20,0,350
6918,2,5,2,1633,514,2,145
6919,2,5,6,1987,960,2,281
6920,5,2,15,1082,576,0,37
6921,1,5,11,1179,102,1,93
6922,3,0,14,1881,574,0,121
6923,0,4,5,4029,696,2,28
6924,4,5,10,778,148,0,127
6925,3,4,3,4831,831,2,241
6926,5,4,10,339,283,0,311
6927,4,2,18,421,116,1,353
6928,1,1,29,1486,33,0,16
6929,3,4,29,1637,557,0,117
6930,2,0,9,783,46,1,338
6931,4,3,15,438,368,0,296
6932,4,3,7,998,95,1,309
6933,5,5,17,1049,128,1,223
6934,0,4,25,40,174,1,223
6935,4,3,1,648,816,2,365
6936,1,0,1,960,595,2,177
6937,2,0,7,690,155,1,362
6938,5,4,27,651,475,0,165
6939,1,0,24,435,179,2,291
6940,1,6,10,1417,495,0,157
6941,5,3,24,969,958,2,362
6942,5,3,12,103,256,1,245
6943,5,1,24,3618,156,2,313
6944,3,0,2,1421,763,2,74
6945,4,2,16,956,454,0,171
6946,5,0,13,1797,299,0,338
6947,4,4,2,786,414,2,128
6948,2,1,27,2330,608,0,75
6949,1,5,15,1789,649,0,258
6950,5,6,19,1447,257,1,235
6951,0,3,4,1955,14,0,312
6952,2,5,14,1354,66,0,161
6953,2,2,12,755,107,1,135
6954,0,6,1,4266,451,2,5
6955,3,0,24,1039,258,2,199
6956,1,1,5,1399,566,2,101
6957,5,3,9,1306,151,1,349
6958,5,2,0,4846,852,2,166
6959,2,3,18,268,92,1,52
6960,3,2,28,2636,568,0,67
6961,0,1,20,425,35,1,174
6962,3,3,7,1062,247,1,303
6963,5,3,7,1201,44,1,254
6964,3,3,18,1313,111,1,37
6965,4,6,0,216,678,2,36
6966,5,1,4,3000,288,0,4
6967,1,4,23,2762,765,2,128
6968,5,6,28,2300,335,0,229
6969,2,0,20,94,118,1,139
6970,1,6,25,1009,163,1,46
6971,4,5,19,48,281,1,161
6972,4,0,9,580,152,1,56
6973,0,6,29,437,573,0,7
6974,2,2,1,1070,700,2,264
6975,1,2,6,2574,761,2,179
6976,0,3,11,997,77,1,257
6977,5,2,28,417,651,0,307
6978,0,4,14,624,343,0,135
6979,1,6,18,424,280,1,327
6980,3,6,21,2196,200,0,66
6981,0,0,18,898,225,1,102
6982,5,5,19,321,168,1,262
6983,4,5,27,457,281,0,147
6984,2,5,26,1355,715,2,126
6985,3,6,11,1150,65,1,187
6986,4,3,4,950,98,0,135
6987,4,6,11,54,158,1,18
6988,3,0,15,2141,613,0,50
6989,0,6,13,2280,651,0,323
6990,4,5,17,1423,73,1,270
6991,0,3,8,2754,804,2,22
6992,1,5,11,335,6,1,207
6993,5,2,7,347,42,1,146
6994,4,5,22,635,179,1,164
6995,5,1,1,2988,501,2,29
6996,0,4,17,734,246,1,89
6997,4,4,11,1374,64,1,52
6998,4,5,12,592,60,1,235
6999,0,6,2,4120,623,2,65
7000,0,1,5,631,423,2,56
7001,3,1,14,2203,530,0,132
7002,2,0,21,1361,226,0,272
7003,0,5,28,2769,536,0,32
7004,1,0,9,1178,143,1,311
7005,3,0,7,1052,48,1,160
7006,1,1,18,607,187,1,111
7007,0,2,16,2770,421,0,236
7008,4,5,5,3858,291,2,52
7009,2,5,26,969,823,2,270
7010,3,5,0,2852,999,2,95
7011,1,6,12,732,166,1,139
7012,1,5,0,713,341,2,276
7013,0,2,29,167,519,0,309
7014,5,0,15,2086,74,0,210
7015,5,6,22,555,58,1,245
7016,5,5,16,1722,122,0,333
7017,1,1,28,806,664,0,6
7018,1,0,25,906,283,1,166
7019,4,6,14,237,310,0,176
7020,4,2,0,4114,751,2,185
7021,3,6,27,2189,310,0,252
7022,3,1,10,752,385,0,195
7023,5,6,12,1216,11,1,7
7024,4,0,4,1986,146,0,357
7025,4,4,11,60,10,1,244
7026,1,5,11,913,60,1,252
7027,3,4,12,195,169,1,292
7028,3,5,15,1472,396,0,24
7029,2,0,29,1265,495,0,206
7030,4,6,3,1179,865,2,358
7031,1,4,14,1734,386,0,225
7032,4,5,27,174,326,0,334
7033,0,2,7,184,57,1,264
7034,2,2,19,984,127,1,270
7035,5,5,6,1948,96,2,231
7036,1,3,18,696,209,1,4
7037,0,1,2,4265,1000,2,127
7038,3,1,7,1332,195,1,287
7039,4,3,15,501,188,0,357
7040,2,4,17,519,79,1,318
7041,3,5,12,1455,262,1,110
7042,4,1,0,4318,291,2,267
7043,4,3,13,2796,353,0,92
7044,1,4,15,141,70,0,71
7045,4,6,19,534,146,1,176
7046,5,0,16,2371,379,0,83
7047,1,6,12,1212,201,1,185
7048,3,2,0,3654,198,2,298
7049,4,1,19,1015,105,1,74
7050,5,1,13,1294,220,0,125
7051,3,1,20,335,203,1,137
7052,2,6,2,699,303,2,142
7053,4,5,10,1169,693,0,316
7054,4,3,21,1264,13,0,77
7055,5,0,21,548,405,0,215
7056,2,3,3,2492,757,2,68
7057,2,3,12,359,31,1,165
7058,5,0,8,1802,396,2,160
7059,3,6,8,919,982,2,246
7060,1,2,7,895,252,1,157
7061,1,3,14,2736,268,0,158
7062,0,2,11,903,43,1,124
7063,1,3,4,499,333,0,309
7064,5,2,27,259,565,0,354
7065,3,1,20,898,70,1,100
7066,5,2,23,4364,263,2,325
7067,2,6,2,1609,368,2,259
7068,1,0,17,241,267,1,327
7069,1,3,9,742,51,1,78
7070,4,3,11,193,186,1,361
7071,4,1,15,1515,389,0,217
7072,3,5,24,3156,157,2,65
7073,0,4,8,1054,558,2,49
7074,0,6,12,601,43,1,195
7075,0,2,8,1493,450,2,261
7076,1,0,19,381,135,1,159
7077,0,3,13,357,55,0,29
7078,1,3,22,179,218,1,250
7079,3,3,14,2592,86,0,279
7080,1,0,13,477,624,0,219
7081,0,0,12,1255,136,1,229
7082,4,6,19,252,289,1,197
7083,2,2,16,2198,274,0,131
7084,1,5,15,2073,324,0,208
7085,2,0,23,683,177,2,15
7086,5,6,9,741,239,1,332
7087,1,1,14,1433,293,0,35
7088,1,4,26,3991,332,2,353
7089,4,0,12,1234,262,1,259
7090,3,0,28,2434,573,0,231
7091,1,6,20,21,85,1,265
7092,1,4,10,1066,277,0,361
7093,5,6,5,4062,912,2,343
7094,2,2,17,1034,144,1,91
7095,3,0,16,2792,192,0,165
7096,2,1,11,12,140,1,17
7097,2,4,3,157,172,2,238
7098,4,5,29,1328,589,0,65
7099,3,2,25,1408,28,1,363
7100,0,5,0,545,812,2,112
7101,0,4,18,1453,12,1,317
7102,1,1,3,1740,126,2,296
7103,1,5,10,775,651,0,135
7104,5,2,24,1756,120,2,317
7105,1,1,14,836,672,0,202
7106,0,2,4,1238,358,0,50
7107,3,0,0,275,231,2,223
7108,5,1,7,922,26,1,150
7109,2,4,13,2105,444,0,148
7110,1,6,27,2048,532,0,340
7111,0,4,12,921,143,1,191
7112,5,1,23,1708,253,2,100
7113,1,6,2,2462,168,2,74
7114,3,0,10,1185,407,0,200
7115,5,5,0,1849,550,2,241
7116,4,2,20,804,70,1,102
7117,0,5,13,2778,297,0,316
7118,3,1,17,1354,109,1,285
7119,3,1,4,2113,287,0,64
7120,4,1,12,897,135,1,276
7121,0,5,26,1619,565,2,76
7122,1,4,1,1052,607,2,84
7123,2,0,11,193,46,1,347
7124,0,0,2,3488,99,2,269
7125,3,2,9,703,99,1,75
7126,2,4,17,1469,59,1,181
7127,1,3,5,1294,667,2,93
7128,4,2,15,2989,115,0,136
7129,0,1,13,1280,319,0,311
7130,2,6,7,803,50,1,119
7131,0,2,29,2086,81,0,329
7132,2,2,4,2268,551,0,77
7133,5,4,2,4863,304,2,8
7134,3,4,29,1194,595,0,121
7135,3,3,15,2858,309,0,256
7136,1,3,17,143,104,1,108
7137,2,3,23,3070,276,2,122
7138,0,5,0,1385,234,2,140
7139,4,4,10,2028,74,0,211
7140,1,3,8,3170,605,2,356
7141,5,5,19,793,19,1,358
7142,2,2,28,2221,436,0,350
7143,3,1,16,1320,242,0,142
7144,1,3,9,1043,129,1,356
7145,5,2,29,2520,409,0,272
7146,0,0,14,2259,458,0,214
7147,1,4,28,1779,230,0,245
7148,0,4,27,1029,166,0,328
7149,3,4,22,1258,48,1,87
7150,1,3,28,801,553,0,227
7151,5,0,8,3017,396,2,346
7152,2,0,0,275,854,2,239
7153,2,0,20,956,96,1,153
7154,2,0,25,247,33,1,252
7155,4,4,19,212,68,1,57
7156,2,0,11,870,55,1,250
7157,5,6,13,1149,534,0,273
7158,0,5,17,490,118,1,281
7159,2,2,5,4487,512,2,351
7160,3,3,6,2778,805,2,227
7161,2,6,19,824,268,1,203
7162,2,6,2,3448,880,2,47
7163,3,3,29,1835,149,0,44
7164,4,0,0,2057,912,2,6
7165,2,1,9,339,263,1,358
7166,5,4,19,682,43,1,84
7167,2,1,23,734,449,2,342
7168,5,1,1,999,519,2,292
7169,4,6,16,403,637,0,257
7170,0,5,4,407,552,0,92
7171,0,5,0,719,577,2,125
7172,5,5,17,1382,70,1,76
7173,4,1,17,893,283,1,130
7174,1,2,1,1772,243,2,188
7175,3,6,22,889,64,1,337
7176,2,4,11,783,141,1,28
7177,5,5,2,4162,937,2,214
7178,2,0,26,614,510,2,215
7179,5,0,1,1204,767,2,204
7180,5,3,21,1443,664,0,307
7181,5,2,5,3681,776,2,165
7182,1,1,22,1355,275,1,210
7183,3,2,23,1060,499,2,90
7184,2,6,7,779,149,1,283
7185,5,3,19,1071,91,1,228
7186,2,3,20,754,199,1,233
7187,2,3,27,339,494,0,96
7188,5,3,26,3112,889,2,206
7189,0,6,23,2625,917,2,106
7190,3,3,13,2655,695,0,289
7191,0,0,1,1250,444,2,65
7192,4,4,1,3028,112,2,120
7193,0,1,12,67,98,1,41
7194,5,2,3,2691,928,2,131
7195,3,0,29,706,491,0,271
7196,3,5,11,938,10,1,181
7197,5,2,9,40,273,1,170
7198,5,5,2,483,894,2,139
7199,4,0,8,1047,889,2,160
7200,3,1,13,1117,465,0,227
7201,4,2,18,1242,286,1,192
7202,0,1,2,3772,654,2,119
7203,4,6,20,436,265,1,101
7204,0,5,12,1447,176,1,158
7205,4,0,5,1034,323,2,137
7206,1,3,10,196,261,0,1
7207,4,4,26,1085,500,2,4
7208,1,1,5,4574,476,2,245
7209,1,2,18,80,216,1,72
7210,2,3,28,82,459,0,155
7211,3,6,16,2901,575,0,150
7212,3,4,10,2239,169,0,41
7213,5,2,20,1487,191,1,93
7214,0,5,10,1743,576,0,357
7215,4,1,16,2611,321,0,330
7216,3,3,11,257,35,1,157
7217,5,0,15,2719,116,0,204
7218,1,4,3,1093,449,2,238
7219,3,5,11,48,235,1,305
7220,3,3,21,2102,500,0,356
7221,5,2,15,1314,138,0,298
7222,2,5,17,492,158,1,74
7223,5,1,24,1614,554,2,210
7224,2,4,21,1306,612,0,224
7225,0,4,20,356,187,1,70
7226,4,0,14,2515,616,0,157
7227,5,1,19,950,5,1,287
7228,0,2,21,2527,473,0,162
7229,1,0,12,555,96,1,148
7230,3,2,2,1266,834,2,268
7231,3,3,7,100,203,1,340
7232,4,0,3,4201,446,2,167
7233,2,3,0,1774,453,2,290
7234,0,0,16,2171,383,0,172
7235,5,1,22,198,111,1,271
7236,4,0,21,2276,240,0,158
7237,2,0,27,2967,11,0,160
7238,3,4,3,2576,975,2,134
7239,1,3,1,2887,638,2,125
7240,1,5,5,3213,487,2,59
7241,2,1,9,329,86,1,42
7242,4,0,15,1519,530,0,296
7243,2,0,9,344,170,1,190
7244,4,2,8,4525,94,2,317
7245,3,1,27,327,54,0,156
7246,0,1,26,3122,493,2,148
7247,1,3,11,1048,232,1,50
7248,0,4,8,2333,364,2,19
7249,4,5,15,1345,465,0,0
7250,2,0,13,2918,608,0,363
7251,1,0,3,4896,975,2,216
7252,1,6,10,1896,520,0,10
7253,4,6,11,999,47,1,81
7254,1,2,1,1505,745,2,50
7255,2,4,4,2545,614,0,115
7256,3,6,3,2411,236,2,200
7257,4,4,14,372,182,0,41
7258,4,1,20,576,124,1,199
7259,2,3,26,4260,92,2,353
7260,3,6,13,1092,138,0,169
7261,5,2,22,1172,256,1,293
7262,4,5,15,1580,12,0,357
7263,4,0,6,3659,1000,2,324
7264,5,1,23,4375,229,2,184
7265,5,4,3,1865,675,2,312
7266,3,1,6,3282,323,2,292
7267,5,0,16,1997,482,0,29
7268,2,0,5,2080,735,2,223
7269,1,3,19,42,79,1,21
7270,1,2,21,1886,661,0,60
7271,0,6,16,511,373,0,232
7272,5,0,13,1040,642,0,342
7273,2,2,28,343,655,0,317
7274,2,4,7,1455,276,1,336
7275,1,5,22,35,248,1,39
7276,0,3,15,1062,252,0,298
7277,2,3,16,1191,446,0,60
7278,1,4,24,1704,897,2,292
7279,3,1,9,493,255,1,288
7280,4,1,19,869,248,1,349
7281,5,6,20,1102,215,1,303
7282,1,4,5,3446,521,2,170
7283,4,0,28,651,595,0,102
7284,0,2,7,1097,96,1,95
7285,1,4,1,1122,594,2,110
7286,0,2,21,727,681,0,204
7287,4,3,26,3990,215,2,323
7288,4,5,8,1445,679,2,152
7289,1,3,2,2953,175,2,208
7290,3,1,3,842,645,2,165
7291,1,4,29,1820,19,0,361
7292,0,1,13,969,539,0,53
7293,4,5,23,4736,439,2,165
7294,1,6,6,3466,790,2,356
7295,5,0,16,1487,258,0,138
7296,5,4,1,4564,105,2,121
7297,1,6,26,4917,228,2,338
7298,0,5,25,138,284,1,101
7299,5,5,12,1189,161,1,335
7300,5,1,23,4154,824,2,176
7301,2,1,1,3661,633,2,198
7302,3,3,6,3256,497,2,118
7303,5,2,7,362,158,1,101
7304,5,4,20,116,289,1,91
7305,4,6,11,403,253,1,338
7306,5,6,1,254,742,2,127
7307,3,3,13,2368,216,0,138
7308,2,3,16,632,511,0,167
7309,3,2,23,3434,941,2,353
7310,3,2,11,786,253,1,152
7311,5,1,15,2331,320,0,314
7312,1,2,7,1413,60,1,176
7313,3,5,27,2318,566,0,184
7314,1,6,22,941,32,1,85
7315,0,0,5,1585,710,2,2
7316,3,1,17,1365,57,1,309
7317,0,6,25,190,97,1,128
7318,5,2,23,660,66,2,71
7319,2,4,20,1054,207,1,205
7320,0,5,15,353,278,0,10
7321,5,1,29,1847,151,0,308
7322,2,0,12,842,197,1,331
7323,0,5,13,455,645,0,1
7324,0,0,1,943,809,2,170
7325,2,4,29,2680,85,0,218
7326,0,4,19,334,195,1,181
7327,1,4,19,785,156,1,48
7328,0,5,13,2387,135,0,172
7329,5,3,5,3785,550,2,290
7330,2,0,19,456,236,1,197
7331,0,1,6,899,368,2,257
7332,5,0,8,4742,778,2,189
7333,3,6,14,2886,540,0,28
7334,2,2,15,361,684,0,281
7335,1,5,25,1409,24,1,275
7336,0,3,15,75,171,0,266
7337,2,0,6,4833,448,2,36
7338,0,5,7,863,121,1,68
7339,0,3,25,1205,206,1,147
7340,5,4,26,4354,730,2,298
7341,0,3,26,1903,427,2,196
7342,1,5,15,645,90,0,313
7343,1,0,14,1705,603,0,10
7344,1,1,8,1793,707,2,300
7345,4,6,1,2211,157,2,319
7346,1,1,27,1668,683,0,92
7347,0,0,9,1375,10,1,6
7348,4,1,9,45,87,1,307
7349,2,5,10,1090,222,0,364
7350,1,3,8,1383,471,2,296
7351,2,4,4,517,544,0,136
7352,2,5,12,1426,189,1,206
7353,5,6,29,1401,104,0,148
7354,0,6,17,634,158,1,147
7355,0,3,9,1176,253,1,226
7356,5,2,12,1263,78,1,56
7357,2,4,2,4648,819,2,142
7358,4,0,1,3396,413,2,17
7359,3,3,15,1052,93,0,133
7360,4,2,9,475,125,1,6
7361,5,0,20,1137,44,1,101
7362,2,0,28,1632,621,0,10
7363,1,0,16,484,254,0,100
7364,5,6,22,880,66,1,362
7365,4,3,6,619,394,2,296
7366,0,5,15,1313,642,0,152
7367,2,1,2,2155,628,2,3
7368,2,0,1,883,160,2,138
7369,2,5,25,906,117,1,248
7370,3,1,20,849,198,1,48
7371,4,3,14,1254,132,0,321
7372,4,3,25,385,141,1,360
7373,2,1,26,3277,349,2,291
7374,1,4,25,699,51,1,347
7375,2,2,1,4794,467,2,8
7376,2,0,26,3110,350,2,112
7377,0,1,12,1223,67,1,125
7378,5,6,17,1341,255,1,94
7379,0,5,10,1208,130,0,138
7380,3,5,22,259,42,1,56
7381,0,6,18,1163,208,1,49
7382,3,0,12,1460,113,1,256
7383,2,5,15,1998,392,0,6
7384,2,0,2,1718,544,2,357
7385,0,1,15,994,340,0,314
7386,3,1,17,1219,193,1,224
7387,1,6,4,1876,125,0,148
7388,2,4,9,1236,204,1,324
7389,5,2,13,1744,190,0,86
7390,3,4,12,1326,283,1,350
7391,4,6,5,2663,851,2,92
7392,3,3,16,546,677,0,153
7393,1,1,13,233,378,0,105
7394,1,5,20,1462,165,1,313
7395,3,6,1,1886,99,2,354
7396,0,3,4,725,55,0,301
7397,0,1,4,381,643,0,75
7398,1,4,23,761,102,2,227
7399,3,5,8,4668,369,2,319
7400,5,2,2,1187,612,2,264
7401,4,2,24,2881,68,2,126
7402,0,0,9,888,221,1,139
7403,5,0,17,1141,233,1,349
7404,2,4,20,926,92,1,196
7405,5,6,16,2764,106,0,260
7406,4,1,5,1392,857,2,358
7407,2,4,28,2992,403,0,136
7408,0,1,10,1003,535,0,55
7409,2,3,0,3199,753,2,92
7410,3,6,27,183,579,0,332
7411,5,6,17,674,82,1,88
7412,0,2,0,3478,287,2,119
7413,2,5,29,617,230,0,259
7414,4,0,3,1923,705,2,160
7415,2,6,1,1605,60,2,333
7416,3,2,23,3025,196,2,89
7417,4,6,26,4683,630,2,191
7418,2,4,13,2481,483,0,284
7419,2,1,16,2971,629,0,148
7420,2,6,6,4167,833,2,161
7421,2,4,22,430,42,1,294
7422,2,2,15,203,431,0,206
7423,5,0,22,537,108,1,211
7424,5,5,11,246,134,1,95
7425,0,1,16,1952,480,0,56
7426,5,6,26,4378,445,2,351
7427,4,3,5,708,703,2,152
7428,3,4,15,2693,43,0,52
7429,4,4,10,177,173,0,214
7430,3,3,16,2257,252,0,191
7431,1,4,8,3843,751,2,169
7432,5,5,24,3104,100,2,179
7433,4,5,5,4787,61,2,152
7434,1,5,2,613,994,2,188
7435,4,4,6,3566,833,2,66
7436,2,0,20,103,241,1,153
7437,3,4,24,4348,368,2,36
7438,0,6,9,1100,142,1,15
7439,0,2,26,255,75,2,19
7440,2,5,12,106,37,1,83
7441,0,5,19,1479,222,1,177
7442,0,0,23,1340,402,2,187
7443,4,2,0,4600,120,2,90
7444,2,4,15,2553,172,0,253
7445,4,2,3,879,514,2,90
7446,0,5,28,783,593,0,329
7447,4,4,16,2732,425,0,86
7448,2,3,4,1300,581,0,122
7449,2,3,12,254,248,1,254
7450,0,1,28,2111,473,0,358
7451,4,2,11,1282,28,1,61
7452,4,2,9,1448,227,1,130
7453,5,0,19,1077,247,1,305
7454,1,0,7,1242,72,1,295
7455,2,0,23,147,666,2,339
7456,4,2,19,284,6,1,194
7457,4,3,7,1471,284,1,341
7458,0,2,14,829,143,0,228
7459,0,5,16,1891,504,0,188
7460,5,2,10,1631,665,0,151
7461,2,4,23,3604,983,2,188
7462,4,1,18,1299,264,1,40
7463,0,5,15,1312,412,0,297
7464,2,1,4,2842,517,0,239
7465,0,0,8,1340,816,2,224
7466,3,5,0,2965,405,2,288
7467,5,6,16,2636,391,0,247
7468,5,1,18,767,260,1,46
7469,5,4,3,3432,857,2,324
7470,5,6,23,3243,553,2,85
7471,3,4,14,1524,83,0,149
7472,5,0,5,2087,682,2,240
7473,0,1,14,78,264,0,81
7474,3,2,6,4988,209,2,22
7475,3,5,26,1646,515,2,227
7476,4,6,22,153,152,1,308
7477,5,1,21,2678,609,0,196
7478,5,4,19,124,297,1,215
7479,2,5,20,282,158,1,241
7480,2,3,23,631,590,2,343
7481,5,1,2,1476,911,2,138
7482,1,6,4,2824,56,0,175
7483,2,0,28,1589,400,0,65
7484,4,0,20,1165,262,1,194
7485,5,4,25,1364,135,1,311
7486,5,6,7,15,67,1,187
7487,0,3,14,931,115,0,174
7488,3,3,2,2787,895,2,44
7489,4,1,12,240,107,1,260
7490,3,0,6,2922,405,2,47
7491,3,1,1,684,431,2,329
7492,1,0,19,256,197,1,290
7493,0,2,3,1680,701,2,230
7494,0,6,27,960,388,0,334
7495,0,6,13,2164,11,0,307
7496,2,1,6,2210,113,2,3
7497,1,3,1,3293,898,2,183
7498,4,4,6,4662,354,2,81
7499,3,5,0,288,233,2,93
7500,5,2,20,852,165,1,151
7501,5,1,10,1602,65,0,274
7502,5,3,4,464,97,0,192
7503,2,4,5,599,388,2,276
7504,5,2,0,3830,307,2,305
7505,4,1,25,96,237,1,146
7506,0,1,7,187,299,1,295
7507,2,1,29,2724,183,0,183
7508,5,2,11,550,231,1,310
7509,2,4,15,2880,697,0,344
7510,3,1,12,738,26,1,339
7511,3,3,17,141,226,1,135
7512,2,2,1,4443,599,2,353
7513,2,2,12,628,241,1,42
7514,0,2,23,4789,847,2,195
7515,3,6,21,2607,370,0,312
7516,2,0,9,1058,66,1,337
7517,5,2,15,1886,458,0,45
7518,2,1,19,901,247,1,238
7519,2,3,15,593,600,0,31
7520,2,5,19,291,43,1,165
7521,1,2,28,2069,461,0,320
7522,3,1,5,2866,888,2,351
7523,3,6,8,2675,953,2,123
7524,2,1,5,194,854,2,309
7525,5,4,11,545,193,1,95
7526,2,1,6,3669,142,2,90
7527,0,0,21,2656,20,0,46
7528,3,0,18,838,250,1,257
7529,2,2,2,3105,775,2,285
7530,4,5,5,1188,689,2,23
7531,2,4,11,748,158,1,94
7532,3,5,1,1845,537,2,295
7533,4,3,28,2877,107,0,164
7534,3,6,21,2855,470,0,79
7535,5,3,28,74,421,0,346
7536,5,1,1,1251,428,2,98
7537,1,0,14,2580,262,0,38
7538,2,3,20,14,119,1,207
7539,3,4,23,2485,425,2,183
7540,1,2,29,504,318,0,307
7541,0,1,5,1579,65,2,74
7542,3,4,26,1384,900,2,248
7543,1,5,26,1205,539,2,132
7544,5,0,28,2911,29,0,32
7545,1,2,26,3926,728,2,342
7546,3,4,2,4089,783,2,169
7547,4,5,4,2300,567,0,340
7548,2,1,8,409,537,2,55
7549,4,5,5,603,788,2,158
7550,3,2,17,1393,108,1,143
7551,2,1,9,1233,100,1,112
7552,4,4,21,1527,278,0,189
7553,4,3,12,314,165,1,60
7554,4,0,21,1258,575,0,68
7555,4,2,8,4220,618,2,309
7556,5,6,9,363,42,1,300
7557,0,2,28,2812,117,0,348
7558,0,0,18,1466,260,1,184
7559,2,6,12,193,22,1,184
7560,1,2,8,1441,692,2,99
7561,5,1,9,304,112,1,10
7562,5,6,26,297,189,2,341
7563,4,6,10,94,44,0,167
7564,1,4,0,3494,593,2,122
7565,0,0,19,62,98,1,307
7566,5,5,27,1012,123,0,274
7567,3,6,22,1000,174,1,112
7568,1,3,6,4942,229,2,149
7569,5,4,27,2181,594,0,246
7570,1,4,25,659,16,1,298
7571,5,1,7,256,213,1,37
7572,2,3,24,2510,713,2,46
7573,0,5,3,4356,262,2,124
7574,4,0,13,2642,107,0,61
7575,4,6,3,1192,164,2,70
7576,4,1,3,401,142,2,268
7577,2,1,11,718,277,1,34
7578,3,5,22,115,48,1,281
7579,4,3,25,318,30,1,176
7580,4,6,13,926,420,0,277
7581,5,3,17,617,88,1,26
7582,2,2,20,74,10,1,62
7583,1,0,25,1179,200,1,21
7584,3,0,28,2938,425,0,74
7585,5,4,13,1206,497,0,20
7586,1,5,2,4295,633,2,246
7587,5,0,23,3298,807,2,243
7588,4,2,2,3491,228,2,71
7589,1,4,6,208,249,2,0
7590,1,3,22,312,185,1,11
7591,5,5,27,2584,641,0,51
7592,4,5,5,952,763,2,57
7593,1,3,21,1545,119,0,365
7594,4,1,17,1229,87,1,60
7595,0,5,12,350,157,1,58
7596,3,2,27,2774,624,0,355
7597,1,0,27,1290,436,0,180
7598,0,1,22,629,20,1,63
7599,2,1,18,744,115,1,5
7600,0,2,28,802,390,0,54
7601,0,4,17,860,286,1,53
7602,2,1,0,4245,756,2,153
7603,3,0,17,313,193,1,203
7604,1,5,23,4508,631,2,193
7605,0,6,7,788,7,1,170
7606,5,6,0,1451,66,2,149
7607,1,1,27,1310,356,0,333
7608,0,4,14,197,83,0,333
7609,2,6,12,1413,119,1,338
7610,0,5,21,2260,482,0,296
7611,0,1,22,274,56,1,6
7612,0,4,18,1365,229,1,160
7613,1,0,27,1564,464,0,332
7614,0,4,3,2123,156,2,60
7615,5,4,9,1326,257,1,29
7616,1,5,28,2016,586,0,274
7617,0,0,21,1472,528,0,212
7618,2,5,11,1479,126,1,274
7619,1,6,1,342,234,2,122
7620,0,1,5,2825,831,2,293
7621,5,3,19,564,155,1,36
7622,1,2,19,991,39,1,1
7623,4,2,25,1182,58,1,97
7624,3,6,10,2257,446,0,186
7625,2,0,27,457,281,0,18
7626,1,1,0,3439,668,2,186
7627,5,6,21,2070,88,0,100
7628,0,3,21,629,106,0,45
7629,2,3,8,4501,364,2,212
7630,0,3,22,461,64,1,34
7631,2,3,24,102,446,2,59
7632,4,1,23,3399,698,2,199
7633,3,2,12,1322,110,1,133
7634,5,4,28,2916,259,0,362
7635,4,3,24,3580,612,2,209
7636,4,3,7,1386,226,1,168
7637,0,6,4,1623,684,0,134
7638,5,6,18,1147,108,1,213
7639,0,2,10,71,220,0,326
7640,4,5,7,245,151,1,290
7641,5,6,20,548,61,1,223
7642,4,6,8,3019,529,2,270
7643,1,1,11,835,203,1,187
7644,5,4,12,1183,196,1,210
7645,3,6,8,2027,514,2,242
7646,0,6,5,4047,826,2,139
7647,4,5,7,1031,203,1,159
7648,5,1,9,371,294,1,23
7649,5,2,18,1021,262,1,49
7650,5,3,14,315,116,0,142
7651,4,5,26,1603,751,2,115
7652,0,4,16,1338,247,0,258
7653,3,5,6,1493,963,2,191
7654,3,1,14,789,647,0,119
7655,0,5,11,90,147,1,57
7656,2,4,26,1489,949,2,310
7657,2,3,23,195,651,2,353
7658,1,0,18,805,236,1,131
7659,5,2,9,430,274,1,153
7660,4,6,29,930,270,0,352
7661,3,1,15,212,269,0,41
7662,5,2,24,3376,633,2,353
7663,0,2,6,108,586,2,231
7664,5,0,3,4256,546,2,1
7665,4,5,10,1225,696,0,360
7666,2,5,18,1411,179,1,170
7667,5,5,17,959,209,1,131
7668,3,2,11,566,223,1,232
7669,0,1,24,3159,826,2,88
7670,3,2,8,3557,580,2,353
7671,3,4,3,1512,670,2,116
7672,1,4,7,1055,147,1,337
7673,1,4,0,462,525,2,251
7674,5,0,0,986,746,2,297
7675,5,2,16,430,544,0,310
7676,5,4,10,712,523,0,364
7677,5,5,19,143,230,1,123
7678,2,2,23,3116,845,2,354
7679,3,0,15,2147,387,0,153
7680,5,5,0,1229,590,2,123
7681,0,3,28,1142,377,0,231
7682,1,4,5,2325,628,2,136
7683,4,4,1,1979,791,2,161
7684,0,5,22,1025,281,1,136
7685,1,6,22,1288,24,1,292
7686,1,4,29,417,407,0,212
7687,4,5,16,738,415,0,236
7688,0,2,14,1673,99,0,8
7689,3,2,0,568,85,2,296
7690,1,0,15,2859,491,0,169
7691,0,6,27,1280,636,0,98
7692,3,3,16,1197,371,0,203
7693,3,3,15,67,659,0,214
7694,5,3,21,649,504,0,311
7695,4,3,15,2099,457,0,15
7696,4,2,21,24,349,0,284
7697,5,6,0,4461,390,2,150
7698,2,5,23,2738,611,2,64
7699,5,4,11,1500,164,1,128
7700,0,2,9,550,67,1,287
7701,3,3,19,392,234,1,290
7702,3,3,21,1227,360,0,332
7703,3,6,0,1363,218,2,228
7704,5,3,10,2270,188,0,19
7705,1,6,19,1001,58,1,118
7706,5,3,25,1271,207,1,224
7707,0,6,17,292,107,1,117
7708,2,6,17,1313,259,1,364
7709,2,3,23,4279,749,2,136
7710,0,1,5,1481,286,2,37
7711,1,0,6,1281,961,2,14
7712,4,0,1,3603,456,2,185
7713,3,3,9,1162,175,1,188
7714,0,6,12,547,138,1,276
7715,1,6,2,785,812,2,262
7716,2,6,0,145,675,2,351
7717,4,0,8,2151,675,2,322
7718,1,6,25,719,90,1,332
7719,5,5,4,2907,588,0,16
7720,5,4,0,3998,523,2,116
7721,5,6,7,726,138,1,153
7722,1,3,2,2237,337,2,365
7723,3,2,20,1030,251,1,150
7724,4,1,4,141,676,0,184
7725,0,0,0,4714,200,2,168
7726,5,0,14,2005,268,0,265
7727,2,4,17,1215,166,1,18
7728,1,3,19,1362,226,1,245
7729,3,0,11,639,35,1,118
7730,5,1,17,808,142,1,95
7731,2,0,13,2396,230,0,156
7732,0,1,13,1420,403,0,126
7733,5,4,10,365,191,0,2
7734,5,1,7,1418,222,1,239
7735,4,6,13,2770,371,0,85
7736,5,4,26,3858,413,2,317
7737,1,6,5,2632,976,2,58
7738,4,0,7,1144,266,1,289
7739,1,2,23,1506,92,2,122
7740,5,6,5,515,633,2,138
7741,1,2,2,4241,829,2,213
7742,2,4,6,2848,178,2,221
7743,4,0,12,562,190,1,10
7744,0,4,14,2888,531,0,42
7745,2,0,6,724,824,2,207
7746,4,6,6,1801,527,2,239
7747,4,1,7,370,163,1,248
7748,5,0,6,2602,672,2,146
7749,5,5,14,2767,610,0,118
7750,5,0,0,4901,683,2,316
7751,4,5,16,562,588,0,27
7752,3,3,18,340,234,1,270
7753,3,0,24,859,412,2,187
7754,4,1,23,1657,90,2,94
7755,2,6,1,2864,774,2,56
7756,3,0,4,835,329,0,264
7757,4,6,7,311,11,1,68
7758,3,3,2,4012,536,2,199
7759,2,1,23,1102,306,2,219
7760,2,5,2,2321,191,2,190
7761,1,0,6,1454,624,2,181
7762,0,0,25,866,246,1,112
7763,3,5,4,2058,80,0,170
7764,5,6,7,1492,30,1,265
7765,4,2,25,497,262,1,193
7766,4,3,5,3587,828,2,282
7767,5,5,26,3986,144,2,213
7768,0,3,20,544,84,1,130
7769,5,0,21,294,131,0,212
7770,2,3,28,254,652,0,224
7771,1,4,14,2640,676,0,331
7772,3,2,6,927,938,2,87
7773,4,3,13,1622,329,0,345
7774,2,3,12,749,210,1,319
7775,5,2,26,2447,682,2,25
7776,2,1,20,1109,276,1,180
7777,0,3,5,477,484,2,286
7778,5,2,19,713,237,1,41
7779,0,5,9,1274,182,1,248
7780,4,0,13,861,468,0,96
7781,0,5,19,1021,60,1,216
7782,2,6,6,2979,75,2,192
7783,3,3,17,858,44,1,253
7784,4,0,0,1622,852,2,90
7785,1,0,26,1355,152,2,96
7786,4,4,28,2956,360,0,142
7787,3,5,13,101,66,0,164
7788,2,2,6,1365,931,2,300
7789,5,3,29,598,242,0,302
7790,4,4,15,1224,253,0,364
7791,3,1,29,491,42,0,202
7792,4,0,29,279,557,0,290
7793,2,0,23,4022,230,2,228
7794,3,5,18,1268,209,1,327
7795,0,1,13,1137,488,0,25
7796,5,4,9,512,219,1,358
7797,4,1,29,754,117,0,81
7798,4,0,14,1807,656,0,333
7799,1,5,6,621,870,2,15
7800,5,4,19,1294,214,1,211
7801,0,5,19,325,59,1,338
7802,4,5,16,2458,442,0,21
7803,2,4,29,2148,678,0,85
7804,1,5,28,2914,303,0,21
7805,4,2,7,265,255,1,65
7806,5,4,19,1271,188,1,249
7807,4,3,23,4684,415,2,236
7808,2,1,4,1386,567,0,243
7809,1,3,23,1176,610,2,248
7810,1,2,25,788,16,1,349
7811,2,1,26,1084,817,2,218
7812,5,3,16,341,458,0,293
7813,1,4,6,662,246,2,35
7814,5,4,3,1228,927,2,338
7815,0,1,29,2770,341,0,39
7816,4,3,10,368,310,0,243
7817,3,3,26,1953,457,2,174
7818,2,1,27,1733,674,0,3
7819,5,6,4,225,188,0,268
7820,2,1,22,60,60,1,260
7821,4,4,7,411,219,1,313
7822,3,3,9,325,150,1,72
7823,4,0,27,1151,626,0,192
7824,3,2,10,2298,23,0,150
7825,4,0,29,483,412,0,219
7826,1,4,17,878,193,1,343
7827,2,0,14,592,441,0,328
7828,5,4,19,427,117,1,342
7829,1,0,19,211,20,1,53
7830,1,6,1,390,995,2,178
7831,2,5,25,341,38,1,94
7832,2,4,15,1259,43,0,135
7833,2,1,0,737,320,2,208
7834,2,2,13,2897,592,0,245
7835,3,2,19,1305,106,1,170
7836,0,5,18,221,189,1,359
7837,5,4,24,2175,744,2,364
7838,0,1,29,2601,673,0,283
7839,1,6,25,952,118,1,186
7840,3,4,11,1191,287,1,320
7841,3,0,18,129,194,1,125
7842,4,4,1,2421,109,2,341
7843,3,2,23,4401,827,2,96
7844,3,2,17,496,295,1,34
7845,0,1,7,1157,152,1,270
7846,1,5,10,1241,65,0,226
7847,2,2,0,1101,228,2,363
7848,5,0,21,1637,658,0,354
7849,3,3,28,1364,275,0,216
7850,0,6,6,3948,774,2,216
7851,3,3,27,1453,463,0,274
7852,1,2,20,1395,299,1,318
7853,1,1,0,1428,389,2,328
7854,4,6,27,758,377,0,344
7855,3,4,25,710,145,1,248
7856,0,5,15,179,276,0,51
7857,0,2,14,922,187,0,100
7858,2,4,10,1755,54,0,307
7859,3,3,25,842,224,1,244
7860,0,2,26,4555,230,2,317
7861,3,5,11,392,185,1,322
7862,4,2,21,1380,474,0,268
7863,2,3,9,170,231,1,17
7864,2,1,11,602,9,1,108
7865,1,6,16,2795,522,0,110
7866,1,2,28,1513,30,0,153
7867,1,4,1,299,381,2,302
7868,4,4,14,875,80,0,14
7869,1,0,12,418,103,1,341
7870,1,2,15,2783,590,0,259
7871,3,3,28,2064,689,0,50
7872,1,3,20,445,189,1,62
7873,2,2,22,867,288,1,314
7874,5,5,9,37,279,1,77
7875,2,2,25,1210,83,1,23
7876,0,5,23,3971,587,2,0
7877,0,4,17,545,203,1,72
7878,4,4,14,1056,96,0,110
7879,5,4,26,225,643,2,238
7880,2,6,6,3215,602,2,301
7881,5,4,13,427,549,0,205
7882,5,4,12,1031,63,1,217
7883,1,0,0,2666,936,2,112
7884,5,0,4,2573,370,0,213
7885,3,5,28,913,380,0,9
7886,1,4,0,2321,90,2,269
7887,4,3,10,403,330,0,195
7888,0,0,11,1286,13,1,338
7889,5,0,14,2358,143,0,23
7890,1,0,4,1593,664,0,69
7891,1,2,25,392,67,1,365
7892,3,5,10,2463,598,0,174
7893,0,0,25,1129,262,1,201
7894,5,6,12,56,118,1,220
7895,4,5,5,3942,154,2,242
7896,0,1,17,176,259,1,52
7897,4,2,2,1316,401,2,73
7898,5,6,1,3990,250,2,207
7899,5,0,22,355,280,1,251
7900,3,3,27,755,524,0,124
7901,0,3,21,2065,480,0,143
7902,0,1,3,1289,94,2,1
7903,2,5,4,812,135,0,304
7904,4,6,3,2537,558,2,86
7905,4,6,21,2369,92,0,81
7906,4,0,17,1039,23,1,144
7907,0,5,3,1419,730,2,115
7908,3,2,14,1984,326,0,89
7909,5,1,18,114,194,1,172
7910,2,6,17,1118,194,1,19
7911,2,2,17,1032,193,1,217
7912,3,1,8,4444,831,2,126
7913,2,1,23,3540,74,2,0
7914,3,0,26,652,178,2,156
7915,0,1,5,3555,343,2,256
7916,0,6,20,278,113,1,25
7917,3,1,8,1477,586,2,254
7918,0,0,1,3909,998,2,201
7919,3,1,19,941,42,1,263
7920,4,1,14,390,407,0,213
7921,1,6,16,1675,634,0,83
7922,1,3,8,4134,92,2,80
7923,5,2,10,513,564,0,186
7924,5,2,4,577,215,0,60
7925,2,6,3,1552,523,2,2
7926,1,2,28,117,624,0,345
7927,0,1,19,945,147,1,202
7928,0,3,27,2063,570,0,81
7929,1,0,14,404,354,0,304
7930,0,0,2,1141,565,2,232
7931,5,6,19,845,176,1,57
7932,3,0,25,1165,213,1,182
7933,5,2,10,1749,635,0,231
7934,2,4,19,1054,194,1,354
7935,2,5,4,1385,456,0,214
7936,2,5,11,1178,152,1,131
7937,4,4,25,999,69,1,205
7938,4,3,24,3662,989,2,29
7939,1,4,10,2429,86,0,20
7940,2,0,22,390,292,1,328
7941,3,4,28,843,430,0,305
7942,4,1,29,1257,165,0,232
7943,4,6,16,2899,125,0,314
7944,0,5,27,2033,573,0,202
7945,0,6,4,2053,93,0,192
7946,2,1,1,569,186,2,136
7947,5,5,23,3559,872,2,12
7948,5,5,8,4300,733,2,187
7949,4,0,22,1471,150,1,363
7950,5,0,9,175,270,1,115
7951,0,4,27,900,293,0,169
7952,4,5,16,42,229,0,213
7953,3,3,2,1191,382,2,258
7954,4,4,19,896,223,1,50
7955,2,1,5,275,206,2,191
7956,1,3,14,159,88,0,271
7957,3,1,26,1733,804,2,343
7958,1,2,5,2206,728,2,335
7959,4,6,28,1926,470,0,96
7960,0,1,4,2960,454,0,81
7961,2,4,25,170,226,1,328
7962,1,6,13,2276,74,0,190
7963,1,4,9,1140,157,1,341
7964,0,6,21,1695,215,0,337
7965,3,5,4,2267,407,0,8
7966,1,5,6,1315,293,2,227
7967,2,4,18,193,62,1,363
7968,5,2,12,476,119,1,312
7969,4,3,4,1657,317,0,134
7970,4,1,5,2812,860,2,98
7971,4,3,14,1975,600,0,292
7972,3,2,5,2653,930,2,91
7973,3,1,25,338,278,1,17
7974,5,4,2,2400,709,2,13
7975,0,5,13,2090,514,0,42
7976,1,2,15,806,12,0,69
7977,0,2,8,2577,821,2,11
7978,3,3,23,553,256,2,249
7979,2,3,12,1253,138,1,357
7980,2,1,0,1488,697,2,51
7981,4,4,5,3494,356,2,157
7982,4,1,11,146,280,1,110
7983,1,5,18,981,57,1,213
7984,5,0,14,1207,463,0,323
7985,4,6,21,1399,211,0,337
7986,0,3,24,2645,422,2,339
7987,0,3,2,246,699,2,7
7988,1,1,6,2807,999,2,182
7989,2,4,2,2472,333,2,154
7990,0,0,15,1532,683,0,273
7991,2,0,27,2987,120,0,289
7992,2,1,17,471,93,1,183
7993,1,1,9,1014,195,1,43
7994,5,3,0,1958,377,2,244
7995,3,2,1,1624,193,2,231
7996,5,5,13,398,551,0,217
7997,1,3,14,524,653,0,24
7998,5,0,3,129,793,2,341
7999,5,6,24,3815,647,2,101
8000,4,5,15,128,459,0,174
8001,1,1,13,2944,99,0,8
8002,4,3,23,4890,858,2,220
8003,0,4,9,802,91,1,210
8004,0,4,13,295,543,0,326
8005,3,2,12,621,300,1,178
8006,4,1,12,975,33,1,33
8007,4,6,9,1331,197,1,93
8008,5,1,18,721,159,1,94
8009,4,2,23,671,985,2,124
8010,2,1,15,1211,671,0,270
8011,4,0,14,858,205,0,343
8012,4,6,16,117,499,0,47
8013,0,3,13,1766,381,0,213
8014,5,1,11,911,15,1,339
8015,2,0,21,2117,193,0,220
8016,5,2,3,4338,968,2,4
8017,3,6,15,608,225,0,226
8018,0,5,13,2778,559,0,248
8019,3,5,25,1258,209,1,356
8020,5,0,25,812,242,1,273
8021,2,4,26,2166,249,2,189
8022,4,0,1,1628,58,2,347
8023,1,6,8,3378,875,2,131
8024,2,6,19,855,57,1,317
8025,0,0,18,924,188,1,40
8026,4,1,2,500,937,2,321
8027,2,3,12,1196,75,1,335
8028,0,4,7,1420,293,1,193
8029,4,0,23,3201,240,2,195
8030,5,3,3,1761,266,2,58
8031,5,3,10,35,115,0,139
8032,2,6,24,3400,408,2,327
8033,1,6,29,2456,23,0,354
8034,1,1,25,633,179,1,244
8035,0,2,21,1284,672,0,246
8036,3,2,23,2401,146,2,248
8037,0,4,21,690,612,0,139
8038,1,2,11,42,175,1,261
8039,1,3,23,4109,170,2,120
8040,3,3,11,1129,184,1,194
8041,1,1,2,4635,882,2,6
8042,5,2,25,1297,178,1,221
8043,4,1,21,2649,177,0,354
8044,4,5,27,2702,339,0,346
8045,4,4,26,3475,137,2,359
8046,5,1,27,2237,545,0,167
8047,5,0,6,317,804,2,224
8048,0,4,5,4854,425,2,322
8049,1,4,6,3914,934,2,52
8050,5,2,29,2231,259,0,243
8051,0,3,13,2553,226,0,213
8052,0,1,27,2845,506,0,47
8053,0,0,14,2068,376,0,57
8054,2,6,20,262,84,1,157
8055,2,6,21,1882,632,0,288
8056,4,2,6,1395,702,2,214
8057,3,2,20,883,241,1,351
8058,1,0,0,4004,756,2,210
8059,5,4,0,3235,972,2,275
8060,1,2,10,1028,23,0,177
8061,2,1,11,317,48,1,28
8062,3,1,14,2008,611,0,352
8063,0,2,23,2260,721,2,328
8064,3,1,12,857,129,1,251
8065,3,1,12,40,246,1,51
8066,3,6,19,1154,235,1,81
8067,0,5,1,2453,222,2,283
8068,0,1,1,259,61,2,153
8069,3,1,3,4053,864,2,261
8070,1,1,13,452,184,0,322
8071,0,4,7,790,80,1,261
8072,3,2,4,829,431,0,5
8073,1,3,14,2645,494,0,36
8074,1,0,23,664,259,2,255
8075,0,6,2,2379,381,2,89
8076,1,0,25,1114,300,1,352
8077,3,5,9,534,281,1,165
8078,5,2,7,1261,61,1,127
8079,0,5,20,728,273,1,241
8080,1,4,26,234,334,2,321
8081,3,5,16,588,218,0,326
8082,4,3,28,87,233,0,123
8083,2,5,2,569,616,2,17
8084,1,3,7,684,89,1,56
8085,1,3,12,1125,186,1,170
8086,2,4,21,1112,230,0,40
8087,2,2,6,1588,237,2,335
8088,1,2,28,1788,65,0,209
8089,4,1,19,320,176,1,165
8090,4,1,3,2501,757,2,25
8091,0,2,18,856,238,1,269
8092,1,6,26,2897,685,2,126
8093,1,3,29,502,208,0,275
8094,1,5,7,173,261,1,333
8095,4,3,27,505,361,0,105
8096,4,1,4,2469,313,0,211
8097,3,3,17,1465,37,1,159
8098,2,2,17,1416,248,1,238
8099,0,0,17,431,118,1,299
8100,3,0,26,900,977,2,113
8101,1,1,19,476,115,1,290
8102,0,4,2,2291,398,2,279
8103,5,2,13,1011,502,0,286
8104,2,2,26,1534,390,2,55
8105,1,0,14,2115,567,0,339
8106,4,6,0,577,733,2,101
8107,1,1,29,404,278,0,254
8108,4,5,23,2440,834,2,16
8109,1,0,16,3000,422,0,156
8110,5,0,27,2188,21,0,50
8111,1,0,11,492,175,1,225
8112,4,2,14,446,343,0,254
8113,1,2,22,154,277,1,89
8114,5,1,5,3594,133,2,113
8115,2,0,10,2157,48,0,273
8116,2,5,1,2438,950,2,351
8117,0,5,25,420,197,1,303
8118,2,3,18,1138,64,1,163
8119,0,1,24,3676,275,2,3
8120,2,2,16,2997,529,0,338
8121,1,3,18,1245,234,1,53
8122,1,1,22,1265,126,1,49
8123,5,4,26,2942,219,2,202
8124,1,6,14,1685,101,0,52
8125,2,6,4,2532,656,0,179
8126,2,5,16,2979,598,0,74
8127,5,0,2,3368,818,2,136
8128,4,3,8,3942,458,2,49
8129,3,3,5,2900,999,2,181
8130,3,6,22,1491,95,1,179
8131,3,3,29,813,552,0,348
8132,0,3,20,170,275,1,305
8133,1,5,9,352,32,1,61
8134,5,5,8,182,661,2,40
8135,3,1,8,2197,848,2,128
8136,2,0,1,3123,890,2,132
8137,5,2,8,4329,375,2,311
8138,3,4,13,2184,41,0,351
8139,3,6,6,2079,891,2,252
8140,0,0,5,1560,365,2,254
8141,1,4,14,1025,321,0,98
8142,5,3,11,208,54,1,130
8143,0,0,9,1367,70,1,248
8144,4,1,17,703,290,1,91
8145,3,5,4,2896,386,0,225
8146,5,5,17,94,195,1,327
8147,5,1,3,111,686,2,160
8148,0,4,23,2524,152,2,91
8149,0,0,27,716,638,0,346
8150,3,6,0,1592,806,2,264
8151,4,6,19,1149,216,1,149
8152,5,1,25,626,20,1,60
8153,5,0,12,1003,275,1,64
8154,4,1,2,2001,937,2,313
8155,3,6,0,2015,451,2,321
8156,3,2,14,2723,595,0,311
8157,5,0,2,3785,804,2,180
8158,1,2,17,843,244,1,151
8159,0,5,20,315,94,1,166
8160,1,1,13,629,525,0,86
8161,1,6,2,4145,527,2,260
8162,2,3,12,610,214,1,135
8163,1,0,28,2227,244,0,364
8164,3,3,19,1003,206,1,41
8165,2,6,6,2827,767,2,57
8166,4,1,18,689,47,1,6
8167,5,6,14,758,178,0,345
8168,4,6,24,3859,941,2,177
8169,4,4,2,3956,744,2,363
8170,2,3,22,353,121,1,85
8171,4,0,7,230,192,1,82
8172,2,1,12,665,60,1,185
8173,3,4,3,706,606,2,310
8174,1,2,25,1320,281,1,122
8175,0,0,26,2128,351,2,66
8176,5,1,3,4242,371,2,36
8177,0,4,12,778,297,1,256
8178,0,2,6,4901,248,2,29
8179,5,4,27,1693,122,0,110
8180,3,3,5,1081,547,2,121
8181,3,0,2,203,379,2,286
8182,4,2,24,3152,500,2,52
8183,5,6,18,1022,227,1,185
8184,5,6,11,877,262,1,121
8185,0,4,14,1831,438,0,272
8186,0,0,25,90,140,1,280
8187,4,1,26,4835,97,2,9
8188,0,3,6,3839,953,2,271
8189,2,2,26,1012,824,2,185
8190,1,1,26,4505,245,2,193
8191,0,6,2,4328,720,2,10
8192,0,3,18,1392,56,1,290
8193,1,5,21,2626,658,0,41
8194,2,0,8,1894,864,2,142
8195,0,3,3,2970,416,2,201
8196,1,4,18,325,120,1,257
8197,2,5,24,4435,989,2,109
8198,3,2,9,1157,18,1,69
8199,3,3,17,1363,267,1,300
8200,4,3,10,73,645,0,299
8201,2,3,16,1906,79,0,125
8202,4,6,26,2890,795,2,250
8203,0,0,24,804,535,2,39
8204,0,3,6,2513,944,2,250
8205,1,3,2,4296,290,2,14
8206,4,5,29,1866,520,0,351
8207,1,1,29,254,337,0,316
8208,2,6,5,3726,304,2,124
8209,5,4,14,531,685,0,209
8210,4,5,17,299,249,1,78
8211,0,0,20,977,28,1,204
8212,0,0,19,960,6,1,10
8213,1,0,18,620,26,1,111
8214,1,4,23,485,479,2,43
8215,2,1,22,290,72,1,227
8216,1,3,7,764,32,1,73
8217,5,1,1,1515,781,2,335
8218,3,4,26,348,875,2,339
8219,5,0,22,1383,65,1,57
8220,5,6,0,996,437,2,83
8221,4,2,13,1607,280,0,122
8222,4,4,23,4369,208,2,299
8223,2,3,17,804,200,1,51
8224,3,0,16,956,311,0,79
8225,5,5,14,1084,58,0,147
8226,2,0,14,2868,201,0,33
8227,1,0,2,3958,610,2,28
8228,1,6,2,873,185,2,311
8229,0,2,25,1378,238,1,246
8230,1,1,1,3371,551,2,58
8231,5,0,26,617,681,2,128
8232,3,5,26,4741,230,2,223
8233,3,2,21,2279,330,0,80
8234,3,5,17,1353,159,1,55
8235,2,4,23,2192,968,2,128
8236,0,5,23,4290,452,2,349
8237,4,2,13,565,559,0,196
8238,0,2,21,2249,383,0,212
8239,4,5,20,1100,132,1,358
8240,1,1,22,130,18,1,216
8241,5,4,9,1103,177,1,94
8242,3,0,11,739,181,1,281
8243,5,5,13,2063,652,0,226
8244,2,6,29,2333,350,0,73
8245,3,6,4,1901,159,0,162
8246,5,5,29,945,564,0,110
8247,2,3,17,1356,168,1,333
8248,2,5,0,2903,776,2,185
8249,3,0,21,2762,573,0,26
8250,2,0,6,209,931,2,318
8251,3,3,18,941,294,1,264
8252,2,4,14,2439,453,0,78
8253,1,6,24,3724,222,2,201
8254,5,4,14,2370,451,0,70
8255,5,3,19,117,142,1,1
8256,0,0,16,2090,121,0,334
8257,3,3,3,3477,377,2,279
8258,5,1,10,1255,228,0,332
8259,5,1,19,1218,94,1,124
8260,5,5,15,907,25,0,4
8261,3,1,28,1605,57,0,245
8262,5,3,12,200,138,1,241
8263,1,2,20,1309,110,1,140
8264,3,5,19,1063,89,1,235
8265,5,3,22,557,97,1,134
8266,2,0,18,858,9,1,56
8267,5,0,5,1597,634,2,246
8268,4,1,18,405,293,1,285
8269,0,5,21,1948,463,0,358
8270,5,2,6,3209,988,2,209
8271,0,6,5,2329,866,2,164
8272,2,1,28,519,448,0,69
8273,2,5,12,681,123,1,259
8274,1,4,16,2452,561,0,190
8275,3,6,29,2644,279,0,25
8276,1,2,4,1375,612,0,159
8277,4,3,19,374,172,1,3
8278,5,4,29,900,486,0,359
8279,3,5,10,1953,353,0,42
8280,5,6,0,4386,997,2,258
8281,4,0,8,4728,491,2,339
8282,2,1,3,3926,166,2,55
8283,4,2,3,1081,990,2,277
8284,2,2,9,1088,35,1,248
8285,1,0,21,1765,97,0,117
8286,1,6,4,1371,624,0,103
8287,1,1,23,4424,138,2,303
8288,2,3,3,3525,302,2,147
8289,1,1,6,2473,292,2,242
8290,1,4,2,3718,785,2,298
8291,1,2,28,676,310,0,234
8292,5,6,27,1593,285,0,298
8293,2,0,19,458,74,1,19
8294,3,0,14,1187,609,0,288
8295,2,5,1,1060,658,2,105
8296,4,1,22,969,18,1,264
8297,4,2,2,2266,674,2,243
8298,0,2,5,4200,593,2,25
8299,3,5,26,728,575,2,349
8300,0,6,25,610,204,1,275
8301,2,4,7,1309,174,1,51
8302,4,2,3,1148,363,2,296
8303,2,3,3,2847,634,2,212
8304,1,3,26,4485,732,2,277
8305,0,6,0,2096,634,2,231
8306,0,3,4,861,461,0,99
8307,5,2,6,3548,299,2,287
8308,3,3,20,471,291,1,346
8309,0,3,25,236,126,1,148
8310,0,0,0,3185,851,2,238
8311,0,1,14,66,177,0,29
8312,4,4,22,1396,43,1,285
8313,2,2,21,339,542,0,258
8314,4,1,3,4683,72,2,361
8315,2,3,9,454,121,1,319
8316,0,0,22,1135,90,1,190
8317,3,6,2,471,405,2,353
8318,5,1,16,165,242,0,164
8319,4,2,9,628,248,1,166
8320,5,3,23,1999,165,2,31
8321,5,2,5,1817,380,2,226
8322,5,2,22,942,196,1,174
8323,1,4,12,451,217,1,325
8324,0,1,21,2934,544,0,81
8325,4,4,18,137,285,1,226
8326,3,4,12,1066,177,1,233
8327,1,3,27,998,429,0,310
8328,0,1,17,974,7,1,36
8329,4,3,12,1256,256,1,217
8330,1,1,14,2882,319,0,156
8331,2,5,19,134,34,1,364
8332,4,3,25,968,168,1,220
8333,1,5,23,2073,74,2,284
8334,5,1,20,415,262,1,142
8335,0,3,0,4958,454,2,260
8336,4,0,11,1174,6,1,81
8337,3,2,24,3416,653,2,315
8338,5,2,19,1493,256,1,176
8339,3,2,6,329,882,2,75
8340,2,4,7,440,218,1,128
8341,0,5,2,3315,743,2,224
8342,1,6,26,2332,365,2,225
8343,5,4,3,3166,956,2,27
8344,0,1,8,3370,555,2,18
8345,4,4,25,226,141,1,209
8346,3,5,16,1340,231,0,4
8347,3,5,21,2204,462,0,314
8348,4,3,27,1976,400,0,1
8349,3,1,21,431,482,0,39
8350,2,6,24,2070,719,2,253
8351,3,5,23,1234,965,2,48
8352,4,2,22,1289,133,1,175
8353,5,0,18,1285,206,1,101
8354,4,5,16,1294,494,0,342
8355,4,6,16,769,340,0,91
8356,2,2,25,874,193,1,261
8357,2,3,2,2280,234,2,139
8358,0,5,18,270,216,1,331
8359,5,6,27,431,338,0,183
8360,3,1,0,1355,827,2,199
8361,2,4,7,372,220,1,145
8362,3,5,26,1624,628,2,191
8363,4,3,6,4446,419,2,48
8364,2,1,29,2686,349,0,122
8365,0,5,4,2908,42,0,284
8366,0,6,0,261,705,2,283
8367,1,2,1,1625,673,2,308
8368,4,0,2,1705,999,2,144
8369,0,1,25,174,255,1,153
8370,0,5,23,3554,93,2,277
8371,3,4,1,2525,62,2,345
8372,3,0,1,2354,64,2,99
8373,5,3,12,956,89,1,349
8374,0,5,20,834,167,1,200
8375,0,1,13,1894,93,0,5
8376,2,0,6,588,779,2,44
8377,5,3,2,2701,903,2,308
8378,1,4,8,852,343,2,144
8379,1,6,21,1173,632,0,356
8380,4,1,20,1374,56,1,41
8381,1,6,14,1993,387,0,198
8382,0,5,6,1871,332,2,365
8383,2,6,4,2433,332,0,28
8384,1,6,3,4050,560,2,275
8385,0,6,21,1860,32,0,90
8386,1,4,5,4955,905,2,302
8387,4,5,29,2761,297,0,331
8388,2,5,7,963,147,1,190
8389,2,5,18,189,286,1,222
8390,4,3,4,234,108,0,361
8391,4,2,10,2480,257,0,33
8392,4,3,20,349,270,1,342
8393,2,1,5,3250,404,2,194
8394,2,4,2,1048,631,2,244
8395,4,2,21,1044,21,0,125
8396,5,3,9,1223,32,1,225
8397,1,6,11,73,61,1,295
8398,1,4,2,1504,633,2,301
8399,1,0,11,379,147,1,249
8400,2,3,12,1065,162,1,173
8401,5,5,0,1322,331,2,156
8402,5,5,12,1055,193,1,109
8403,5,0,8,1319,601,2,132
8404,1,2,0,171,300,2,192
8405,5,5,0,4997,641,2,302
8406,0,6,10,138,464,0,65
8407,2,4,23,4966,480,2,100
8408,0,2,22,1283,175,1,206
8409,1,3,29,210,659,0,8
8410,0,0,15,2061,27,0,307
8411,0,5,27,2959,511,0,336
8412,5,3,23,782,220,2,40
8413,4,0,24,2286,898,2,237
8414,3,6,8,3454,658,2,42
8415,2,1,9,70,28,1,229
8416,2,1,8,2538,857,2,177
8417,1,4,12,434,196,1,193
8418,3,3,9,169,96,1,212
8419,4,3,24,4212,832,2,149
8420,5,5,27,2370,94,0,40
8421,2,6,22,583,122,1,76
8422,4,3,10,1383,532,0,211
8423,0,5,21,1574,196,0,238
8424,3,2,7,1073,172,1,123
8425,3,5,13,2241,508,0,59
8426,2,1,18,1410,121,1,259
8427,2,5,25,285,83,1,130
8428,5,0,19,1029,35,1,317
8429,5,4,26,2553,829,2,340
8430,3,5,20,1136,113,1,125
8431,1,2,17,400,283,1,256
8432,2,3,17,846,197,1,74
8433,5,0,5,4293,553,2,202
8434,1,0,25,213,218,1,266
8435,4,3,29,680,534,0,18
8436,3,3,13,1130,68,0,14
8437,0,3,13,522,144,0,27
8438,1,1,0,286,131,2,140
8439,5,5,20,279,278,1,95
8440,4,2,17,1260,112,1,353
8441,4,1,15,2998,372,0,228
8442,4,1,29,184,118,0,332
8443,0,1,13,1076,323,0,69
8444,4,0,26,194,102,2,270
8445,0,0,23,3802,792,2,274
8446,0,3,4,2689,687,0,103
8447,4,0,8,548,215,2,343
8448,1,5,24,4821,899,2,356
8449,2,2,22,700,176,1,118
8450,4,1,25,1380,124,1,114
8451,0,1,9,796,143,1,165
8452,3,2,22,321,221,1,320
8453,0,6,7,1480,227,1,198
8454,5,6,15,811,543,0,172
8455,4,0,6,4542,484,2,353
8456,5,0,25,676,112,1,242
8457,4,1,26,3535,567,2,17
8458,0,4,25,1132,143,1,353
8459,1,1,17,1260,35,1,84
8460,0,2,26,2393,905,2,113
8461,1,4,21,182,422,0,127
8462,5,1,13,2634,363,0,270
8463,3,4,20,256,217,1,275
8464,0,4,5,476,481,2,70
8465,5,4,20,334,231,1,36
8466,3,5,18,1445,66,1,318
8467,4,2,21,1676,155,0,47
8468,2,2,11,1172,297,1,182
8469,1,2,1,3030,210,2,141
8470,0,2,5,2142,529,2,14
8471,0,3,17,1369,179,1,184
8472,1,6,10,2406,346,0,103
8473,2,4,16,1518,669,0,89
8474,2,5,23,4803,643,2,351
8475,1,4,21,931,167,0,103
8476,2,5,13,2643,614,0,1
8477,1,6,21,2682,20,0,161
8478,5,2,16,2726,137,0,305
8479,4,5,10,1366,699,0,134
8480,5,3,22,619,220,1,233
8481,1,5,29,2717,681,0,19
8482,0,2,16,775,554,0,174
8483,3,5,1,3022,214,2,303
8484,3,4,13,2799,602,0,110
8485,4,5,1,2990,438,2,362
8486,0,6,17,1171,274,1,133
8487,1,0,19,909,300,1,90
8488,5,4,3,1710,235,2,362
8489,5,4,4,1391,277,0,233
8490,5,1,2,2376,404,2,229
8491,4,6,5,4125,598,2,247
8492,3,1,16,1835,270,0,275
8493,0,0,6,179,88,2,154
8494,5,1,10,176,592,0,273
8495,5,1,8,4057,482,2,329
8496,3,3,28,2706,588,0,87
8497,0,4,23,788,978,2,142
8498,5,0,21,29,406,0,3
8499,3,2,0,403,112,2,51
8500,5,2,25,863,53,1,31
8501,4,6,28,349,427,0,97
8502,5,4,21,591,44,0,168
8503,5,0,4,2453,171,0,256
8504,1,0,6,641,237,2,132
8505,3,1,8,4425,212,2,66
8506,3,2,21,2900,470,0,121
8507,3,6,1,527,818,2,180
8508,1,2,13,1071,346,0,238
8509,1,6,14,2272,34,0,365
8510,1,4,19,1059,29,1,50
8511,1,6,8,2273,673,2,312
8512,2,0,11,1048,67,1,34
8513,1,3,10,235,538,0,307
8514,0,2,20,1201,189,1,98
8515,0,0,9,1156,166,1,18
8516,3,3,0,3659,555,2,266
8517,1,2,10,2968,345,0,156
8518,5,3,5,4832,607,2,102
8519,1,2,10,925,192,0,325
8520,2,6,21,1986,422,0,185
8521,0,3,12,39,214,1,178
8522,0,0,21,2694,130,0,60
8523,0,6,29,1143,308,0,117
8524,1,3,4,1383,185,0,260
8525,0,3,9,359,238,1,358
8526,0,4,20,1259,296,1,27
8527,2,4,22,1332,272,1,34
8528,0,4,23,2497,431,2,348
8529,5,6,6,1977,383,2,210
8530,1,0,6,3713,920,2,3
8531,4,0,5,1246,53,2,43
8532,3,5,7,339,200,1,249
8533,0,3,26,459,337,2,122
8534,3,5,0,2940,297,2,26
8535,4,1,9,168,168,1,7
8536,0,5,0,3960,645,2,3
8537,5,6,6,1872,292,2,273
8538,4,4,23,1533,534,2,215
8539,4,4,2,4698,658,2,197
8540,3,1,12,113,244,1,177
8541,5,5,1,4468,841,2,297
8542,0,0,20,537,140,1,190
8543,1,3,28,683,316,0,138
8544,2,1,25,209,235,1,351
8545,2,2,22,1403,247,1,30
8546,0,1,29,1068,417,0,38
8547,5,4,2,3233,566,2,246
8548,0,0,25,524,65,1,81
8549,5,3,17,210,249,1,313
8550,4,5,14,2436,319,0,130
8551,2,5,23,333,817,2,36
8552,5,5,22,333,221,1,312
8553,2,2,13,884,438,0,289
8554,2,5,24,3551,62,2,326
8555,1,6,9,250,86,1,208
8556,2,4,29,1455,36,0,139
8557,3,6,15,21,293,0,218
8558,5,2,3,1602,660,2,47
8559,1,0,4,2891,663,0,81
8560,5,2,11,32,188,1,14
8561,0,4,8,4556,674,2,258
8562,0,5,14,2224,420,0,112
8563,4,5,12,463,270,1,334
8564,1,3,12,1074,131,1,346
8565,1,3,24,2994,275,2,1
8566,0,4,1,4047,163,2,197
8567,2,1,29,2762,366,0,232
8568,4,5,4,1974,686,0,353
8569,1,0,20,1495,220,1,160
8570,0,0,27,197,153,0,360
8571,4,6,27,1438,424,0,274
8572,0,5,3,1863,90,2,76
8573,0,2,25,967,171,1,109
8574,1,0,11,746,7,1,53
8575,3,0,25,987,44,1,97
8576,4,1,7,393,102,1,147
8577,3,2,14,2390,413,0,89
8578,3,3,2,1470,156,2,208
8579,3,2,19,190,184,1,170
8580,4,4,19,34,110,1,228
8581,5,4,16,155,531,0,318
8582,1,6,0,1965,324,2,260
8583,5,6,9,723,29,1,302
8584,5,2,15,2889,66,0,254
8585,3,0,7,1039,282,1,126
8586,2,4,10,361,489,0,140
8587,5,3,22,1198,263,1,243
8588,3,3,27,43,221,0,180
8589,3,3,13,1025,422,0,242
8590,5,5,14,2330,460,0,27
8591,0,4,25,1300,131,1,45
8592,0,1,0,1230,897,2,329
8593,3,5,11,455,179,1,9
8594,4,3,23,1088,551,2,258
8595,3,2,2,900,926,2,93
8596,3,3,24,512,888,2,106
8597,4,4,10,806,400,0,276
8598,2,0,26,2491,632,2,225
8599,3,4,21,742,423,0,164
8600,0,0,19,166,293,1,297
8601,5,5,14,2472,76,0,22
8602,0,2,19,1303,81,1,324
8603,0,6,2,2165,909,2,18
8604,5,1,15,804,372,0,264
8605,1,3,1,3908,683,2,236
8606,2,5,11,1227,157,1,334
8607,5,2,11,539,242,1,188
8608,1,1,22,1156,34,1,315
8609,1,6,5,3939,762,2,210
8610,5,3,27,356,31,0,333
8611,1,1,4,2041,370,0,355
8612,3,4,13,697,368,0,84
8613,3,2,14,2973,127,0,353
8614,0,0,29,232,37,0,153
8615,3,6,8,2669,663,2,145
8616,5,1,2,3190,564,2,360
8617,3,3,12,485,90,1,310
8618,0,0,11,745,284,1,83
8619,3,4,29,2100,293,0,212
8620,3,4,29,2531,59,0,0
8621,3,2,3,2777,875,2,112
8622,0,0,28,2980,304,0,192
8623,3,3,19,695,133,1,46
8624,3,5,9,1126,22,1,214
8625,5,5,14,2669,227,0,245
8626,3,2,6,3154,169,2,247
8627,3,2,0,3029,378,2,217
8628,5,2,13,414,317,0,274
8629,1,4,6,4135,425,2,268
8630,2,5,3,3078,350,2,217
8631,0,0,27,785,158,0,296
8632,4,1,6,1907,95,2,244
8633,3,3,9,749,72,1,301
8634,5,3,8,636,273,2,37
8635,4,6,19,609,217,1,221
8636,0,5,26,3437,116,2,244
8637,1,3,15,2346,698,0,107
8638,4,1,21,2055,326,0,104
8639,5,3,27,1519,384,0,285
8640,1,2,28,2693,484,0,297
8641,2,6,4,484,366,0,328
8642,3,4,22,1454,102,1,100
8643,1,2,18,392,68,1,356
8644,2,3,19,421,281,1,341
8645,0,6,13,1970,218,0,119
8646,1,4,29,1001,286,0,226
8647,1,6,16,2491,91,0,175
8648,3,5,0,1249,315,2,113
8649,4,1,11,257,67,1,343
8650,4,2,9,349,77,1,46
8651,4,1,28,2930,282,0,78
8652,2,2,1,2777,873,2,295
8653,0,1,21,528,610,0,199
8654,0,6,28,35,506,0,262
8655,4,2,26,4818,250,2,58
8656,4,3,25,797,291,1,204
8657,4,1,24,2500,339,2,276
8658,4,1,14,151,37,0,321
8659,5,4,24,2037,704,2,345
8660,5,4,0,4455,133,2,200
8661,4,5,7,1134,183,1,178
8662,4,4,10,768,146,0,152
8663,5,6,14,220,491,0,151
8664,0,4,22,368,59,1,146
8665,1,2,22,463,217,1,199
8666,4,2,12,409,144,1,235
8667,5,4,5,4371,178,2,94
8668,3,4,22,1226,102,1,365
8669,3,6,15,1181,676,0,174
8670,0,6,0,3856,487,2,234
8671,3,4,11,1103,217,1,264
8672,0,0,17,1052,21,1,292
8673,2,4,22,1085,109,1,334
8674,3,0,1,1847,781,2,38
8675,2,2,4,1808,650,0,85
8676,5,1,29,2631,491,0,199
8677,4,2,6,3886,251,2,170
8678,2,3,11,243,142,1,327
8679,1,1,20,207,287,1,297
8680,5,3,15,2766,234,0,101
8681,3,2,6,4176,537,2,340
8682,0,6,24,1247,186,2,296
8683,2,0,21,622,619,0,79
8684,1,6,17,1330,295,1,337
8685,5,5,11,882,85,1,252
8686,1,2,12,253,210,1,24
8687,1,3,2,3607,913,2,248
8688,2,0,2,3403,257,2,283
8689,2,5,4,1672,278,0,177
8690,3,6,18,761,269,1,203
8691,0,5,10,1808,300,0,211
8692,4,3,28,1926,170,0,200
8693,5,2,12,632,8,1,270
8694,1,2,18,38,199,1,20
8695,1,3,25,1191,119,1,341
8696,5,3,26,4299,848,2,345
8697,0,6,1,4502,181,2,24
8698,1,0,5,492,443,2,329
8699,2,5,16,608,464,0,311
8700,3,6,13,1903,319,0,64
8701,1,0,0,3378,241,2,147
8702,2,1,25,1166,218,1,30
8703,0,6,15,2191,131,0,296
8704,3,3,7,701,128,1,327
8705,0,0,20,44,239,1,2
8706,0,1,19,987,140,1,309
8707,4,2,4,854,607,0,120
8708,0,0,16,1514,41,0,262
8709,5,2,28,1985,190,0,290
8710,3,0,1,1800,473,2,299
8711,0,4,20,429,274,1,313
8712,3,1,8,1897,491,2,153
8713,1,4,6,1218,432,2,285
8714,1,4,26,3467,281,2,224
8715,2,3,29,2651,224,0,319
8716,5,5,22,1418,220,1,111
8717,1,0,2,3446,972,2,272
8718,2,3,8,2919,911,2,249
8719,0,4,22,994,16,1,295
8720,0,0,24,281,518,2,249
8721,1,5,4,392,53,0,279
8722,0,3,18,1041,29,1,148
8723,0,6,22,500,189,1,41
8724,2,3,18,849,278,1,278
8725,5,3,12,1432,8,1,108
8726,0,6,14,2147,384,0,106
8727,4,3,15,1024,187,0,67
8728,5,1,2,4884,117,2,123
8729,4,6,4,2687,393,0,346
8730,0,2,7,1362,171,1,178
8731,3,6,27,2767,595,0,151
8732,3,5,19,492,227,1,245
8733,5,5,17,1279,41,1,245
8734,2,5,29,1098,189,0,128
8735,4,6,23,2067,296,2,336
8736,4,3,17,848,212,1,173
8737,3,5,19,370,141,1,175
8738,5,2,25,77,161,1,67
8739,2,2,29,484,226,0,274
8740,1,6,1,3922,883,2,57
8741,4,2,28,2828,373,0,79
8742,1,6,21,2898,684,0,77
8743,2,2,22,978,79,1,56
8744,3,4,3,3293,239,2,205
8745,5,1,8,1878,527,2,145
8746,2,3,6,1583,593,2,334
8747,4,3,7,508,137,1,259
8748,5,6,25,872,260,1,313
8749,3,0,19,1208,182,1,322
8750,0,1,19,571,257,1,331
8751,3,4,2,2572,506,2,181
8752,2,4,4,1869,422,0,67
8753,3,2,4,1100,657,0,340
8754,4,6,4,267,190,0,112
8755,1,0,9,91,161,1,133
8756,5,4,2,4733,406,2,319
8757,5,6,20,1339,115,1,229
8758,1,1,16,707,599,0,43
8759,4,3,2,3996,227,2,330
8760,2,1,18,291,175,1,243
8761,2,5,8,1508,692,2,350
8762,5,5,2,4400,614,2,12
8763,0,0,16,2878,554,0,230
8764,1,1,28,1795,382,0,61
8765,5,2,18,534,82,1,144
8766,4,5,5,3182,582,2,203
8767,5,3,21,2511,415,0,208
8768,2,3,21,203,261,0,123
8769,0,5,22,297,260,1,264
8770,3,4,9,1113,181,1,32
8771,1,1,25,1434,108,1,299
8772,0,2,24,193,956,2,9
8773,2,2,10,1713,514,0,117
8774,0,3,10,2204,512,0,126
8775,4,0,20,1368,139,1,64
8776,3,3,4,1919,599,0,180
8777,4,6,26,1725,543,2,140
8778,0,0,26,1813,390,2,37
8779,4,2,9,1251,292,1,349
8780,5,1,19,1435,8,1,167
8781,0,1,2,2879,167,2,87
8782,3,3,7,951,285,1,17
8783,0,1,17,999,281,1,26
8784,0,2,21,2738,279,0,285
8785,5,5,25,709,117,1,179
8786,4,5,8,1839,572,2,363
8787,4,4,21,1242,263,0,298
8788,4,6,28,860,550,0,326
8789,0,0,3,3017,479,2,227
8790,0,6,21,894,88,0,132
8791,4,1,5,3412,688,2,303
8792,2,5,18,230,52,1,200
8793,0,5,10,2373,259,0,45
8794,2,0,9,1385,241,1,2
8795,1,4,12,515,174,1,5
8796,0,2,15,225,270,0,332
8797,4,1,9,394,170,1,168
8798,4,1,0,4010,851,2,15
8799,3,6,7,919,187,1,13
8800,4,4,15,2456,148,0,166
8801,3,0,20,1054,105,1,332
8802,5,5,28,2572,537,0,79
8803,2,4,2,670,566,2,44
8804,5,6,11,1288,259,1,40
8805,5,5,20,573,20,1,180
8806,2,5,20,1371,193,1,224
8807,2,4,25,1187,14,1,80
8808,3,0,16,1632,86,0,35
8809,1,5,23,2085,292,2,239
8810,5,0,29,819,598,0,314
8811,1,4,1,1301,110,2,58
8812,1,5,20,617,87,1,111
8813,2,5,7,193,10,1,193
8814,2,0,0,2401,562,2,119
8815,4,6,29,946,201,0,170
8816,1,3,9,347,168,1,208
8817,5,2,18,282,81,1,60
8818,5,3,29,1567,598,0,111
8819,0,5,28,665,166,0,11
8820,2,4,14,2096,622,0,68
8821,2,5,5,3557,61,2,54
8822,3,0,26,2807,126,2,88
8823,2,1,19,167,32,1,25
8824,3,3,17,1177,260,1,9
8825,3,3,4,1370,616,0,92
8826,0,0,13,1412,108,0,341
8827,3,1,27,266,699,0,148
8828,2,6,20,179,257,1,347
8829,0,3,25,1446,64,1,10
8830,4,2,1,3086,591,2,340
8831,0,0,7,593,172,1,296
8832,1,0,12,1316,205,1,120
8833,1,6,25,609,18,1,261
8834,5,4,14,2275,386,0,266
8835,0,4,14,864,310,0,362
8836,3,5,19,602,55,1,114
8837,2,6,25,664,113,1,181
8838,2,1,27,1166,326,0,257
8839,3,5,8,2365,760,2,148
8840,4,3,5,2615,656,2,141
8841,2,4,23,3011,425,2,167
8842,5,2,22,220,147,1,121
8843,5,1,17,185,181,1,319
8844,5,3,26,2551,234,2,140
8845,2,1,18,595,191,1,65
8846,5,2,1,4678,59,2,53
8847,5,4,19,783,177,1,214
8848,4,4,25,362,283,1,195
8849,2,3,25,996,161,1,333
8850,0,1,15,2283,585,0,217
8851,5,4,22,752,253,1,354
8852,3,3,24,1143,812,2,222
8853,0,4,10,902,294,0,10
8854,0,3,9,957,205,1,189
8855,2,0,26,433,612,2,284
8856,4,2,1,2816,827,2,298
8857,2,1,2,4787,533,2,223
8858,0,0,16,2692,57,0,99
8859,4,6,27,2123,68,0,202
8860,0,0,5,3355,175,2,37
8861,3,4,16,2551,341,0,208
8862,1,3,14,1377,358,0,228
8863,1,5,20,978,156,1,164
8864,1,5,29,1584,421,0,198
8865,0,3,17,1395,39,1,198
8866,0,0,3,1028,68,2,334
8867,0,0,15,179,442,0,115
8868,4,3,5,3743,168,2,291
8869,2,6,10,1331,433,0,360
8870,4,6,24,871,110,2,288
8871,3,5,0,572,993,2,132
8872,5,2,3,3681,650,2,268
8873,0,3,19,794,201,1,304
8874,0,3,21,357,12,0,34
8875,3,0,15,1362,29,0,71
8876,0,5,19,1062,234,1,238
8877,3,0,28,2041,485,0,57
8878,0,0,28,1203,209,0,237
8879,1,5,12,1259,100,1,13
8880,3,1,9,773,269,1,308
8881,2,0,0,2746,326,2,150
8882,0,3,1,1391,228,2,43
8883,0,3,0,1557,612,2,94
8884,3,4,13,1391,82,0,20
8885,3,6,24,1817,518,2,316
8886,2,0,11,1488,140,1,81
8887,3,4,21,2056,32,0,269
8888,4,3,0,1236,877,2,172
8889,4,1,8,1377,118,2,4
8890,5,2,16,909,475,0,87
8891,4,2,6,1387,72,2,1
8892,0,1,21,1717,661,0,252
8893,4,1,13,2601,75,0,291
8894,4,0,3,608,542,2,290
8895,1,0,23,1977,401,2,34
8896,2,1,10,77,180,0,50
8897,4,2,15,2223,173,0,278
8898,5,5,19,1194,203,1,325
8899,0,3,20,912,10,1,159
8900,5,3,3,307,939,2,122
8901,5,2,6,3543,748,2,192
8902,2,5,5,1807,383,2,197
8903,3,1,9,267,53,1,212
8904,1,1,20,778,72,1,134
8905,5,4,0,1465,557,2,129
8906,1,4,27,978,495,0,238
8907,3,2,23,329,587,2,47
8908,4,4,4,891,487,0,158
8909,5,3,7,928,136,1,317
8910,0,2,16,324,528,0,47
8911,4,1,28,2168,355,0,210
8912,2,0,7,121,133,1,33
8913,4,1,8,3898,805,2,142
8914,0,4,0,2226,194,2,224
8915,5,4,3,4364,464,2,241
8916,0,0,7,1175,103,1,91
8917,0,3,9,1268,73,1,62
8918,4,1,21,1459,503,0,35
8919,4,2,15,1674,362,0,191
8920,1,6,6,2607,665,2,332
8921,0,2,23,4032,157,2,15
8922,4,1,5,1795,160,2,163
8923,1,3,10,2650,454,0,103
8924,2,1,3,1150,597,2,209
8925,3,1,28,517,530,0,168
8926,5,3,28,2637,687,0,175
8927,5,3,4,1261,622,0,164
8928,0,0,1,3538,633,2,208
8929,3,4,6,1470,814,2,254
8930,1,1,19,648,22,1,27
8931,2,2,27,474,401,0,267
8932,3,0,6,4840,478,2,8
8933,3,6,1,684,850,2,40
8934,1,1,25,108,45,1,137
8935,0,2,28,1637,552,0,180
8936,1,6,2,1468,50,2,205
8937,5,0,8,1476,990,2,284
8938,3,2,18,42,201,1,359
8939,3,1,0,1792,827,2,2
8940,4,5,20,410,191,1,252
8941,5,6,18,1450,130,1,344
8942,4,6,5,2696,515,2,337
8943,3,1,27,782,532,0,189
8944,4,5,25,169,196,1,43
8945,0,4,15,617,363,0,19
8946,4,4,4,1954,283,0,23
8947,1,1,15,705,270,0,36
8948,2,6,23,2496,837,2,131
8949,1,3,8,1187,496,2,132
8950,4,0,25,686,297,1,229
8951,5,2,25,1429,75,1,297
8952,2,6,13,87,622,0,21
8953,5,5,1,2482,167,2,68
8954,1,3,21,1650,272,0,15
8955,5,5,9,1321,145,1,52
8956,5,6,9,12,269,1,244
8957,4,4,1,4642,851,2,290
8958,2,2,17,575,214,1,122
8959,1,0,29,2576,371,0,152
8960,0,5,16,2643,226,0,275
8961,1,4,10,160,577,0,161
8962,5,4,29,2111,86,0,212
8963,2,5,18,1256,300,1,171
8964,1,5,19,170,125,1,313
8965,4,2,16,552,305,0,22
8966,0,1,27,420,504,0,46
8967,5,3,18,682,149,1,116
8968,2,4,5,4390,209,2,295
8969,5,4,29,1711,45,0,159
8970,5,5,19,1067,231,1,233
8971,3,2,27,1654,263,0,120
8972,5,6,9,887,263,1,122
8973,5,2,27,2661,12,0,13
8974,4,4,26,2267,119,2,23
8975,2,6,6,2209,731,2,54
8976,4,6,1,3638,670,2,127
8977,3,3,16,1081,214,0,303
8978,5,2,18,352,246,1,134
8979,4,0,24,176,125,2,153
8980,3,6,29,1778,390,0,279
8981,5,6,19,735,120,1,316
8982,3,4,4,286,119,0,181
8983,4,0,22,1166,11,1,325
8984,2,6,27,2725,249,0,339
8985,4,3,5,2933,479,2,95
8986,1,3,7,683,208,1,125
8987,0,1,27,1158,488,0,24
8988,4,1,18,950,97,1,253
8989,0,5,2,4704,666,2,285
8990,3,5,21,2345,432,0,245
8991,5,4,25,1291,273,1,193
8992,2,4,21,2315,167,0,195
8993,3,0,29,2236,217,0,183
8994,0,4,3,3263,865,2,106
8995,1,2,9,590,262,1,49
8996,5,2,19,1007,139,1,147
8997,5,6,26,2108,122,2,294
8998,5,2,22,547,11,1,357
8999,3,4,3,4349,460,2,114
9000,0,2,0,1664,274,2,109
9001,3,5,5,3534,424,2,192
9002,1,4,25,27,205,1,136
9003,0,2,24,206,686,2,252
9004,3,5,29,37,637,0,279
9005,2,6,0,672,105,2,74
9006,2,5,22,753,69,1,68
9007,2,2,1,569,917,2,240
9008,4,0,26,1280,369,2,240
9009,3,0,12,835,295,1,173
9010,2,1,15,44,545,0,305
9011,3,0,17,991,107,1,64
9012,3,6,18,1089,191,1,100
9013,1,6,16,1059,377,0,209
9014,3,4,12,1089,131,1,165
9015,2,0,0,3049,169,2,142
9016,1,0,26,3758,923,2,62
9017,5,1,10,1719,625,0,111
9018,0,5,18,838,141,1,167
9019,4,3,19,484,102,1,34
9020,3,6,12,178,164,1,191
9021,4,4,22,923,258,1,205
9022,2,3,16,1395,555,0,79
9023,4,6,1,1663,628,2,58
9024,2,6,10,2507,609,0,42
9025,1,2,21,265,649,0,184
9026,5,0,22,177,266,1,250
9027,0,3,17,1109,236,1,194
9028,4,6,6,3321,128,2,269
9029,0,1,1,4853,620,2,209
9030,3,0,7,650,124,1,86
9031,3,2,28,2428,379,0,274
9032,0,1,9,1185,240,1,71
9033,2,5,16,2887,54,0,233
9034,0,5,17,266,38,1,167
9035,3,3,6,2585,257,2,36
9036,4,2,15,2846,175,0,15
9037,0,3,17,193,70,1,198
9038,0,1,11,1146,33,1,316
9039,2,0,18,440,168,1,151
9040,2,6,5,2060,796,2,285
9041,3,0,29,2634,408,0,137
9042,1,1,1,3919,881,2,101
9043,3,4,3,3897,221,2,111
9044,1,3,22,815,146,1,16
9045,0,5,2,1914,128,2,53
9046,0,5,17,780,195,1,124
9047,5,2,17,58,197,1,295
9048,0,3,0,3572,563,2,239
9049,4,5,20,870,17,1,320
9050,3,0,21,2500,196,0,201
9051,0,2,8,3285,418,2,5
9052,2,6,20,786,129,1,291
9053,3,2,28,2245,418,0,78
9054,5,0,10,1606,554,0,263
9055,2,4,7,579,253,1,281
9056,0,6,1,2680,865,2,302
9057,4,2,9,371,199,1,141
9058,4,0,6,3625,407,2,197
9059,0,0,1,1643,806,2,352
9060,4,1,29,2498,259,0,71
9061,2,0,0,3034,844,2,350
9062,3,1,16,782,380,0,293
9063,5,4,3,3489,786,2,266
9064,2,3,12,631,200,1,112
9065,2,3,25,1216,124,1,136
9066,1,1,15,51,426,0,335
9067,0,0,4,2084,345,0,33
9068,0,0,17,307,230,1,81
9069,0,1,8,405,448,2,64
9070,5,4,17,426,57,1,10
9071,4,4,29,1639,234,0,36
9072,0,0,9,385,150,1,84
9073,4,3,2,4397,705,2,341
9074,4,0,17,1146,91,1,7
9075,3,2,2,4506,451,2,23
9076,3,1,7,1111,296,1,127
9077,5,6,9,1280,283,1,337
9078,0,6,17,1273,152,1,132
9079,3,4,12,544,295,1,100
9080,4,0,21,2618,563,0,64
9081,3,6,8,2983,961,2,313
9082,4,3,10,2237,336,0,95
9083,4,6,29,1961,489,0,303
9084,1,4,13,2066,315,0,26
9085,1,1,3,921,73,2,134
9086,3,6,5,4541,99,2,357
9087,2,3,1,1602,109,2,205
9088,0,6,29,428,685,0,10
9089,0,2,29,2658,295,0,301
9090,4,5,19,1226,265,1,168
9091,2,3,16,320,474,0,40
9092,3,1,11,814,55,1,117
9093,0,0,27,994,408,0,77
9094,5,2,4,933,196,0,290
9095,4,1,24,3303,579,2,326
9096,5,3,18,687,141,1,167
9097,0,3,12,248,174,1,21
9098,0,3,7,85,159,1,67
9099,3,2,19,1020,164,1,241
9100,1,1,8,1594,843,2,90
9101,2,2,12,916,119,1,98
9102,3,3,3,653,753,2,276
9103,5,1,0,4370,706,2,243
9104,1,1,9,994,253,1,335
9105,2,6,10,2298,231,0,1
9106,5,0,11,400,21,1,335
9107,0,5,20,614,105,1,66
9108,5,5,17,288,234,1,285
9109,2,5,9,1086,67,1,327
9110,4,3,26,4361,134,2,239
9111,3,1,27,497,348,0,63
9112,3,1,18,904,261,1,222
9113,0,0,11,1140,58,1,21
9114,5,1,24,280,576,2,318
9115,1,6,11,1129,89,1,210
9116,1,3,11,334,54,1,310
9117,2,2,23,4536,629,2,147
9118,3,3,6,4735,490,2,294
9119,5,3,21,2309,435,0,207
9120,3,3,7,863,126,1,47
9121,3,4,4,2433,174,0,56
9122,4,0,3,3208,655,2,159
9123,2,5,17,610,296,1,278
9124,4,1,23,2122,491,2,273
9125,4,0,19,1398,215,1,114
9126,4,1,9,1442,56,1,186
9127,4,0,27,833,494,0,213
9128,0,2,26,4334,489,2,253
9129,2,5,5,4161,828,2,158
9130,1,1,23,1095,981,2,304
9131,5,0,11,1009,162,1,71
9132,4,6,7,650,119,1,192
9133,1,0,23,3655,917,2,340
9134,5,3,2,1212,86,2,34
9135,4,0,22,902,97,1,105
9136,5,2,12,757,107,1,161
9137,5,0,0,1549,694,2,218
9138,0,5,0,2999,441,2,255
9139,5,0,6,1108,208,2,322
9140,5,5,23,1795,292,2,313
9141,1,4,4,349,635,0,41
9142,5,1,15,2143,682,0,86
9143,1,3,6,2274,449,2,174
9144,0,5,20,674,251,1,197
9145,5,1,21,2764,16,0,272
9146,3,6,0,2912,66,2,5
9147,1,1,18,275,231,1,197
9148,4,2,18,774,217,1,53
9149,3,3,7,483,264,1,215
9150,1,0,7,421,79,1,350
9151,3,3,2,2590,945,2,87
9152,2,6,3,1945,890,2,320
9153,5,1,13,1210,439,0,4
9154,4,2,18,1345,47,1,341
9155,1,0,17,596,175,1,208
9156,0,3,10,1533,513,0,69
9157,3,0,25,987,278,1,218
9158,0,1,10,624,94,0,320
9159,5,5,28,1064,235,0,227
9160,3,1,0,1055,790,2,60
9161,4,5,19,174,166,1,323
9162,2,4,4,286,696,0,32
9163,1,5,12,885,176,1,250
9164,5,3,11,368,265,1,76
9165,2,5,7,1035,56,1,146
9166,2,0,1,1939,611,2,142
9167,1,0,20,208,229,1,79
9168,0,4,14,448,312,0,179
9169,2,3,10,2892,508,0,95
9170,1,6,14,572,289,0,49
9171,1,1,14,1899,600,0,55
9172,4,3,5,2554,540,2,120
9173,1,2,0,4904,174,2,167
9174,1,0,20,939,284,1,108
9175,2,0,27,175,621,0,34
9176,5,4,3,3340,973,2,352
9177,5,1,6,1435,433,2,7
9178,1,6,6,3334,933,2,67
9179,4,0,19,131,117,1,344
9180,2,1,24,1961,838,2,245
9181,3,3,8,4082,110,2,64
9182,4,2,28,480,412,0,187
9183,2,0,1,4578,448,2,122
9184,5,4,2,924,738,2,247
9185,5,3,8,823,972,2,237
9186,4,4,5,4502,516,2,216
9187,3,5,27,2338,346,0,69
9188,2,5,19,55,101,1,84
9189,1,6,6,1183,570,2,315
9190,3,4,20,862,59,1,94
9191,2,2,26,2212,166,2,342
9192,2,2,3,2111,117,2,254
9193,4,3,22,1160,266,1,192
9194,0,4,4,1219,206,0,162
9195,3,0,3,2497,523,2,148
9196,1,0,9,1352,147,1,166
9197,1,5,6,1870,505,2,143
9198,1,4,26,4312,262,2,137
9199,4,6,17,1074,284,1,111
9200,5,3,16,2864,165,0,300
9201,5,3,11,354,108,1,287
9202,3,0,11,640,167,1,106
9203,1,1,17,812,54,1,365
9204,1,5,14,1821,569,0,319
9205,0,1,28,419,426,0,318
9206,5,3,23,1640,648,2,115
9207,3,2,13,1611,88,0,198
9208,3,5,29,986,625,0,30
9209,1,0,11,1032,191,1,164
9210,3,2,8,1674,479,2,215
9211,3,5,3,3943,548,2,126
9212,4,4,17,1001,245,1,124
9213,5,0,4,2473,436,0,192
9214,5,5,20,1324,129,1,185
9215,1,4,19,1150,289,1,292
9216,3,1,18,334,74,1,273
9217,1,0,13,2534,124,0,281
9218,1,6,23,1374,306,2,36
9219,5,1,23,2276,469,2,178
9220,4,3,23,1138,780,2,51
9221,5,3,3,1233,252,2,143
9222,0,3,2,578,465,2,268
9223,1,3,5,4068,478,2,286
9224,0,6,0,4924,510,2,170
9225,1,3,16,671,277,0,205
9226,0,3,12,17,246,1,333
9227,4,2,25,1408,216,1,54
9228,2,3,17,997,26,1,184
9229,5,4,11,834,265,1,6
9230,1,4,23,2096,270,2,81
9231,1,3,13,1146,90,0,313
9232,1,3,16,238,552,0,274
9233,2,6,26,553,545,2,66
9234,3,0,5,2126,650,2,181
9235,5,5,20,1273,40,1,14
9236,1,4,9,899,145,1,278
9237,4,2,5,4430,994,2,52
9238,0,6,6,4942,964,2,286
9239,3,2,13,1561,378,0,140
9240,0,1,12,1341,7,1,157
9241,0,0,12,757,130,1,307
9242,3,0,20,1079,226,1,217
9243,3,0,26,4843,731,2,253
9244,1,6,19,280,89,1,276
9245,3,0,17,923,118,1,183
9246,3,3,5,2007,816,2,249
9247,2,5,28,1153,110,0,233
9248,3,4,27,2744,93,0,23
9249,5,1,27,82,22,0,163
9250,1,4,0,2414,314,2,36
9251,5,4,29,847,243,0,94
9252,5,6,7,214,249,1,183
9253,1,0,28,418,261,0,265
9254,5,0,12,1043,216,1,209
9255,0,3,10,1433,688,0,314
9256,4,6,14,1699,651,0,310
9257,3,4,12,222,144,1,337
9258,5,5,10,1925,441,0,194
9259,1,0,25,1058,277,1,35
9260,3,6,14,2674,179,0,315
9261,3,2,15,878,461,0,293
9262,5,3,6,381,575,2,57
9263,5,1,27,2908,92,0,136
9264,2,0,15,1983,263,0,263
9265,0,2,10,2872,517,0,362
9266,4,2,26,2505,142,2,239
9267,2,6,4,1785,521,0,277
9268,4,2,25,70,144,1,185
9269,3,5,8,4943,444,2,315
9270,0,6,22,205,140,1,214
9271,3,2,17,1160,44,1,330
9272,2,3,25,1057,253,1,268
9273,3,0,14,2106,27,0,289
9274,0,0,28,415,440,0,38
9275,4,6,5,4677,587,2,206
9276,5,5,2,1882,986,2,346
9277,5,3,10,2432,28,0,135
9278,2,1,1,4417,707,2,50
9279,0,6,24,2144,221,2,299
9280,1,5,1,3870,253,2,352
9281,3,5,16,2310,160,0,78
9282,3,4,3,868,359,2,140
9283,5,2,18,1320,63,1,237
9284,1,0,24,559,310,2,175
9285,3,1,13,2211,35,0,201
9286,5,6,4,491,338,0,163
9287,4,5,0,853,206,2,92
9288,2,1,7,394,99,1,291
9289,5,1,24,3805,487,2,348
9290,0,4,12,137,21,1,105
9291,4,5,17,418,79,1,83
9292,4,5,29,2784,327,0,326
9293,0,1,21,381,208,0,264
9294,1,5,10,2740,176,0,186
9295,1,2,2,3553,856,2,151
9296,1,3,28,2335,107,0,187
9297,1,2,19,282,144,1,155
9298,1,4,11,122,222,1,338
9299,3,4,17,604,21,1,323
9300,1,0,21,1035,97,0,172
9301,3,2,14,1055,561,0,21
9302,0,4,8,3130,360,2,107
9303,0,0,10,117,354,0,19
9304,2,1,10,1099,18,0,282
9305,2,5,0,1256,824,2,146
9306,0,4,18,392,166,1,68
9307,1,4,1,978,106,2,21
9308,2,6,29,424,540,0,80
9309,0,0,0,3522,451,2,182
9310,3,2,28,2091,492,0,236
9311,4,2,24,3991,759,2,145
9312,4,5,1,3055,523,2,357
9313,1,0,0,523,64,2,199
9314,1,3,5,2759,871,2,169
9315,5,1,21,1946,53,0,170
9316,4,0,25,1106,241,1,175
9317,2,1,2,2634,800,2,249
9318,2,4,13,2548,622,0,359
9319,0,3,27,1550,693,0,81
9320,3,6,2,4617,698,2,164
9321,1,4,17,301,14,1,321
9322,5,3,2,3623,317,2,308
9323,5,2,17,709,276,1,314
9324,2,6,28,1837,299,0,4
9325,1,4,4,131,40,0,90
9326,2,6,6,4635,87,2,164
9327,0,2,16,77,646,0,26
9328,1,4,7,124,129,1,330
9329,4,5,10,2179,335,0,232
9330,1,3,2,3815,229,2,193
9331,0,1,12,69,199,1,55
9332,2,0,7,1459,108,1,167
9333,5,3,0,4662,841,2,361
9334,0,6,6,569,116,2,75
9335,4,4,16,2154,407,0,150
9336,3,5,10,2655,625,0,85
9337,5,0,16,2814,464,0,55
9338,1,0,19,97,153,1,152
9339,0,2,20,744,210,1,126
9340,3,2,18,749,89,1,56
9341,1,4,27,889,433,0,91
9342,5,6,12,40,129,1,252
9343,5,1,22,1326,300,1,326
9344,2,2,15,1295,74,0,184
9345,0,4,28,723,298,0,261
9346,2,2,8,2241,855,2,179
9347,1,6,21,2349,80,0,282
9348,4,5,18,1363,99,1,232
9349,2,4,25,890,39,1,362
9350,2,1,11,223,37,1,331
9351,5,6,9,26,224,1,298
9352,0,2,11,539,52,1,183
9353,1,6,14,2141,515,0,145
9354,3,4,4,2594,641,0,32
9355,4,3,11,224,209,1,212
9356,2,1,20,1490,217,1,110
9357,4,3,12,1118,110,1,253
9358,2,0,21,746,426,0,170
9359,2,3,25,1380,179,1,23
9360,5,0,15,2797,468,0,325
9361,1,3,20,999,30,1,312
9362,3,4,2,3422,984,2,160
9363,3,0,0,552,488,2,135
9364,3,0,20,550,147,1,72
9365,3,3,6,196,88,2,31
9366,5,3,17,129,76,1,225
9367,2,4,8,3179,538,2,309
9368,4,3,18,357,209,1,26
9369,3,4,22,771,294,1,69
9370,2,2,27,2575,169,0,323
9371,0,4,2,1535,401,2,252
9372,1,5,14,657,657,0,246
9373,3,5,15,151,442,0,27
9374,4,6,28,385,405,0,114
9375,4,1,6,3966,895,2,133
9376,5,1,27,1316,469,0,304
9377,4,3,14,810,302,0,241
9378,1,4,28,2277,588,0,337
9379,5,5,9,1254,271,1,76
9380,5,4,1,3447,227,2,296
9381,2,5,27,1033,227,0,110
9382,0,3,4,1092,64,0,109
9383,1,3,26,2152,524,2,24
9384,4,1,24,983,717,2,42
9385,4,6,19,317,214,1,27
9386,0,1,12,1079,286,1,60
9387,0,5,29,1185,151,0,318
9388,3,0,0,4779,243,2,323
9389,4,4,5,363,704,2,202
9390,3,0,14,2523,36,0,39
9391,5,2,29,1704,151,0,135
9392,1,2,28,494,664,0,99
9393,0,2,26,4766,798,2,143
9394,0,3,2,333,499,2,255
9395,2,6,20,441,248,1,349
9396,3,6,9,1066,88,1,211
9397,1,5,11,425,188,1,36
9398,4,1,23,3673,935,2,286
9399,1,6,13,437,284,0,103
9400,3,4,28,2670,631,0,291
9401,3,6,12,473,112,1,33
9402,4,2,10,1137,517,0,170
9403,5,0,27,743,19,0,199
9404,5,5,3,149,687,2,341
9405,0,2,29,1086,170,0,364
9406,2,2,18,561,188,1,218
9407,3,0,0,3592,533,2,193
9408,1,5,25,995,31,1,89
9409,1,3,12,531,200,1,36
9410,5,3,20,311,191,1,201
9411,4,0,25,408,39,1,131
9412,2,1,27,497,444,0,8
9413,4,1,16,1594,358,0,220
9414,0,0,14,978,142,0,84
9415,2,3,25,626,17,1,181
9416,4,6,18,1414,7,1,129
9417,4,4,19,1288,20,1,68
9418,1,6,10,691,433,0,249
9419,1,6,17,782,198,1,282
9420,5,1,7,701,116,1,127
9421,5,0,21,2147,189,0,170
9422,0,2,20,227,75,1,109
9423,2,4,15,1382,680,0,142
9424,3,0,17,495,54,1,41
9425,1,0,11,400,111,1,363
9426,3,1,10,507,521,0,256
9427,4,4,7,1165,50,1,234
9428,4,3,15,2746,670,0,362
9429,2,3,17,454,17,1,317
9430,2,6,27,1348,96,0,149
9431,1,0,0,3007,647,2,105
9432,1,3,23,3866,585,2,70
9433,3,2,23,994,422,2,284
9434,4,5,22,1217,223,1,72
9435,1,6,1,699,868,2,88
9436,5,0,29,1579,325,0,287
9437,1,2,17,151,250,1,358
9438,2,2,16,2404,197,0,332
9439,5,3,3,4126,96,2,360
9440,1,2,8,1130,225,2,169
9441,2,5,22,1285,150,1,126
9442,0,1,29,1483,94,0,269
9443,1,3,15,473,254,0,230
9444,5,5,17,1018,182,1,72
9445,2,3,17,1010,188,1,206
9446,3,1,2,2461,215,2,70
9447,3,5,28,915,119,0,148
9448,2,5,28,2081,603,0,125
9449,2,3,23,525,244,2,299
9450,0,1,26,2677,718,2,296
9451,1,4,6,257,354,2,171
9452,5,6,13,2897,50,0,163
9453,4,2,17,1121,259,1,37
9454,5,0,27,1598,115,0,144
9455,1,5,22,532,258,1,173
9456,3,4,5,469,220,2,258
9457,4,6,10,1853,633,0,307
9458,4,4,27,1687,635,0,18
9459,5,6,5,1662,72,2,258
9460,1,4,23,2597,192,2,79
9461,3,6,8,440,476,2,320
9462,4,5,26,4389,248,2,157
9463,5,6,10,108,87,0,359
9464,5,3,7,447,194,1,168
9465,5,6,13,1102,404,0,118
9466,0,1,5,4132,557,2,312
9467,4,5,7,797,84,1,50
9468,4,1,24,4085,993,2,364
9469,5,4,23,4113,62,2,115
9470,1,3,11,481,123,1,1
9471,4,6,15,1415,152,0,260
9472,0,6,29,1051,386,0,204
9473,2,2,0,1438,183,2,250
9474,3,2,29,2620,559,0,217
9475,2,5,6,2304,134,2,281
9476,1,0,22,550,124,1,109
9477,1,2,8,4494,136,2,145
9478,4,6,7,250,81,1,12
9479,1,0,18,1026,129,1,276
9480,4,6,2,4931,812,2,62
9481,3,0,22,236,134,1,170
9482,1,2,3,2460,402,2,216
9483,2,1,2,3590,897,2,129
9484,1,0,28,2558,306,0,226
9485,3,6,15,459,320,0,168
9486,0,4,18,1469,15,1,35
9487,1,1,3,297,292,2,231
9488,0,2,21,2075,234,0,177
9489,2,4,17,220,91,1,246
9490,2,0,1,2790,964,2,279
9491,2,4,21,1901,244,0,45
9492,2,6,11,545,109,1,24
9493,3,0,23,4021,603,2,49
9494,1,6,6,2721,83,2,324
9495,0,4,23,2541,527,2,219
9496,5,6,6,3823,51,2,338
9497,0,1,9,958,163,1,192
9498,2,0,13,328,527,0,215
9499,3,2,20,60,21,1,132
9500,5,4,11,447,190,1,61
9501,3,5,20,912,299,1,349
9502,1,1,25,797,220,1,197
9503,1,3,10,405,304,0,272
9504,5,4,0,1926,315,2,266
9505,0,0,17,130,138,1,344
9506,5,6,9,935,134,1,72
9507,3,4,28,2449,110,0,56
9508,0,3,26,913,260,2,97
9509,2,4,13,611,198,0,269
9510,4,2,5,4922,502,2,289
9511,5,4,16,899,56,0,155
9512,5,2,2,1424,161,2,250
9513,0,4,25,1145,299,1,233
9514,3,1,24,2626,738,2,178
9515,1,2,25,931,196,1,168
9516,5,2,3,336,659,2,49
9517,4,4,1,3039,605,2,27
9518,3,4,23,4793,847,2,36
9519,5,1,11,795,230,1,57
9520,2,2,19,759,20,1,150
9521,4,0,6,968,900,2,122
9522,3,3,10,477,426,0,20
9523,1,4,5,1976,492,2,256
9524,5,1,18,163,66,1,180
9525,5,6,25,1380,13,1,301
9526,2,4,7,342,277,1,134
9527,1,2,28,1208,93,0,79
9528,3,5,5,2184,562,2,178
9529,4,4,16,2680,206,0,312
9530,0,1,20,361,76,1,21
9531,3,5,29,1225,616,0,277
9532,1,3,23,189,842,2,228
9533,0,5,24,3314,621,2,16
9534,1,0,1,904,449,2,225
9535,5,4,14,2273,98,0,215
9536,3,1,16,220,276,0,146
9537,0,6,3,2519,708,2,188
9538,1,1,6,3299,510,2,268
9539,5,2,1,1716,610,2,302
9540,4,3,29,498,63,0,352
9541,3,4,7,91,47,1,35
9542,4,0,27,2404,315,0,346
9543,1,6,0,1121,202,2,138
9544,4,1,7,1372,193,1,232
9545,5,2,25,1063,224,1,122
9546,4,0,29,775,194,0,203
9547,0,5,12,362,137,1,339
9548,4,4,11,136,118,1,209
9549,4,1,14,2869,130,0,103
9550,1,2,28,2046,694,0,332
9551,4,3,10,456,412,0,190
9552,4,1,20,147,267,1,124
9553,3,0,21,2288,145,0,251
9554,2,2,18,866,195,1,119
9555,4,2,23,4482,538,2,257
9556,3,0,23,1035,258,2,336
9557,0,6,9,940,146,1,196
9558,5,3,19,1164,82,1,42
9559,5,3,23,3054,609,2,158
9560,5,1,25,736,183,1,232
9561,3,5,7,916,228,1,231
9562,0,1,6,739,532,2,197
9563,1,3,2,1727,858,2,123
9564,0,5,24,3721,769,2,300
9565,3,5,15,1323,145,0,54
9566,2,0,28,675,557,0,77
9567,0,3,22,470,71,1,347
9568,4,6,21,1216,668,0,43
9569,0,1,29,2974,472,0,266
9570,4,0,23,3545,920,2,315
9571,2,6,25,316,212,1,143
9572,1,3,28,1137,381,0,249
9573,3,5,23,2052,809,2,125
9574,0,6,13,2740,493,0,353
9575,1,5,24,2022,330,2,103
9576,2,2,22,1471,121,1,225
9577,4,3,29,2975,162,0,302
9578,4,5,4,1497,498,0,162
9579,4,5,17,1380,164,1,150
9580,5,2,6,2680,832,2,186
9581,4,3,27,1114,534,0,280
9582,1,0,4,2867,673,0,288
9583,5,3,15,1198,225,0,91
9584,5,0,9,157,216,1,344
9585,2,3,26,2790,655,2,296
9586,4,6,13,850,119,0,24
9587,5,4,2,1683,612,2,59
9588,5,2,28,2009,230,0,273
9589,4,0,3,1836,372,2,2
9590,1,2,0,1634,524,2,266
9591,4,3,0,3567,976,2,235
9592,5,5,11,383,104,1,291
9593,1,2,23,3963,416,2,354
9594,5,0,5,3283,809,2,211
9595,4,4,17,907,202,1,255
9596,4,5,0,2724,942,2,125
9597,4,0,20,1157,260,1,113
9598,1,2,27,1591,35,0,69
9599,0,5,23,3057,737,2,286
9600,3,6,26,503,773,2,48
9601,1,4,21,2994,647,0,165
9602,1,6,23,2723,219,2,320
9603,5,0,2,512,56,2,158
9604,3,1,4,1251,324,0,137
9605,5,3,12,351,206,1,27
9606,0,0,7,682,169,1,204
9607,2,0,0,2586,309,2,47
9608,2,0,28,2690,541,0,344
9609,0,1,27,2199,96,0,87
9610,4,6,3,1603,677,2,129
9611,0,4,4,1380,486,0,303
9612,2,0,28,1263,449,0,226
9613,4,0,13,2917,262,0,204
9614,5,3,19,1473,82,1,247
9615,0,3,9,913,139,1,166
9616,2,1,5,738,663,2,0
9617,1,4,21,1425,537,0,243
9618,2,0,26,1673,797,2,73
9619,4,2,22,1390,20,1,171
9620,0,5,14,2291,356,0,113
9621,3,1,8,1535,257,2,44
9622,1,6,20,1298,258,1,319
9623,4,0,20,666,195,1,114
9624,2,5,13,689,81,0,120
9625,3,4,25,157,13,1,331
9626,5,4,18,1476,127,1,39
9627,5,1,16,1509,392,0,186
9628,1,0,29,2478,291,0,32
9629,1,5,17,575,196,1,31
9630,4,5,16,2964,441,0,40
9631,2,1,1,1870,821,2,212
9632,5,1,4,2200,609,0,51
9633,0,3,7,1105,119,1,53
9634,1,5,7,1086,9,1,293
9635,2,0,17,582,265,1,116
9636,2,4,5,2799,711,2,190
9637,5,4,26,2143,453,2,141
9638,1,6,27,2318,222,0,80
9639,2,4,3,1637,400,2,232
9640,0,0,1,3660,862,2,294
9641,1,6,23,3376,789,2,178
9642,0,2,15,1257,229,0,61
9643,2,1,13,2065,325,0,157
9644,3,4,28,2952,95,0,160
9645,4,5,27,168,535,0,319
9646,4,2,29,2318,503,0,83
9647,0,5,12,420,257,1,71
9648,0,0,14,2981,103,0,248
9649,2,6,14,37,294,0,20
9650,0,6,27,806,234,0,78
9651,3,5,1,551,393,2,296
9652,0,0,28,387,323,0,147
9653,3,0,23,2702,828,2,0
9654,1,0,21,1849,196,0,203
9655,2,0,27,2252,580,0,335
9656,3,4,3,4842,264,2,154
9657,4,0,20,28,180,1,205
9658,1,1,9,1122,91,1,297
9659,0,4,22,1327,58,1,159
9660,2,3,18,828,151,1,274
9661,4,4,5,1510,173,2,345
9662,1,5,6,2020,769,2,193
9663,1,4,14,2543,418,0,148
9664,4,6,20,975,132,1,211
9665,1,5,26,1663,989,2,230
9666,2,2,28,2728,368,0,203
9667,5,1,17,607,118,1,119
9668,3,4,2,1265,663,2,104
9669,2,0,21,765,578,0,267
9670,5,4,2,1768,407,2,165
9671,3,5,20,428,221,1,34
9672,5,2,27,2195,123,0,308
9673,0,1,9,366,54,1,88
9674,1,3,26,1544,183,2,357
9675,4,5,19,49,168,1,176
9676,1,3,4,2178,662,0,92
9677,0,5,17,516,263,1,177
9678,1,6,18,872,282,1,20
9679,3,0,10,55,62,0,316
9680,1,3,6,1806,534,2,46
9681,0,4,7,166,190,1,187
9682,0,4,11,1188,270,1,209
9683,2,0,24,3488,168,2,102
9684,1,3,25,1472,268,1,273
9685,4,3,29,2750,645,0,296
9686,4,0,15,2672,214,0,231
9687,5,5,7,1394,40,1,176
9688,4,3,24,2482,398,2,348
9689,5,2,19,1113,289,1,168
9690,5,1,20,1116,9,1,181
9691,5,1,21,1581,528,0,228
9692,2,0,22,1028,59,1,27
9693,0,5,2,3712,598,2,221
9694,4,3,29,55,361,0,342
9695,5,2,2,2004,534,2,217
9696,1,4,26,4521,64,2,74
9697,4,5,3,4128,100,2,166
9698,3,2,15,1819,401,0,244
9699,0,0,17,788,280,1,43
9700,4,2,26,2122,515,2,163
9701,5,2,0,2516,972,2,140
9702,5,1,15,195,88,0,299
9703,2,4,23,4578,158,2,48
9704,5,1,9,1171,216,1,4
9705,2,6,19,1048,47,1,103
9706,1,6,28,1432,388,0,144
9707,5,0,18,786,242,1,333
9708,0,1,26,3971,337,2,362
9709,0,1,28,1365,681,0,280
9710,5,3,4,1859,314,0,69
9711,1,6,2,1601,967,2,181
9712,4,0,16,790,688,0,279
9713,5,1,3,2839,472,2,5
9714,3,2,29,1936,657,0,30
9715,5,0,8,1676,566,2,123
9716,4,5,28,2058,443,0,296
9717,2,0,22,1278,272,1,186
9718,0,4,18,40,39,1,206
9719,2,3,2,3468,248,2,330
9720,3,6,9,1444,247,1,297
9721,3,4,27,1125,172,0,45
9722,1,1,12,557,223,1,78
9723,1,2,15,1014,54,0,116
9724,3,4,4,1171,443,0,12
9725,4,3,17,598,43,1,25
9726,5,2,6,3960,671,2,104
9727,1,3,26,157,507,2,335
9728,1,1,15,1463,598,0,178
9729,3,1,12,1030,165,1,274
9730,3,4,4,2052,68,0,18
9731,1,1,24,3983,173,2,297
9732,3,2,21,1051,524,0,309
9733,5,1,17,1195,135,1,180
9734,2,5,26,2561,751,2,361
9735,3,6,22,71,228,1,293
9736,4,6,8,2541,786,2,180
9737,1,2,21,1424,629,0,130
9738,0,3,15,246,298,0,185
9739,4,6,1,4095,357,2,170
9740,4,4,12,318,233,1,54
9741,0,0,23,3517,683,2,330
9742,1,4,0,2735,697,2,266
9743,1,5,1,233,478,2,23
9744,1,5,17,177,119,1,230
9745,2,6,14,1097,236,0,31
9746,3,6,3,1333,632,2,128
9747,0,2,17,783,196,1,305
9748,5,1,7,477,89,1,139
9749,2,2,9,401,216,1,196
9750,5,2,25,118,64,1,175
9751,2,5,20,1283,78,1,73
9752,2,0,11,869,15,1,63
9753,2,0,23,2778,407,2,194
9754,3,6,15,1707,63,0,133
9755,3,2,24,194,271,2,168
9756,2,0,26,2880,377,2,15
9757,2,0,26,4530,884,2,201
9758,2,3,8,4087,436,2,38
9759,0,5,27,1844,692,0,357
9760,5,0,19,196,79,1,105
9761,1,5,24,1601,348,2,244
9762,5,3,3,1664,697,2,343
9763,3,1,7,851,219,1,18
9764,5,5,4,1146,367,0,203
9765,2,1,16,2257,586,0,345
9766,4,4,15,824,464,0,142
9767,0,0,18,841,59,1,8
9768,5,0,3,2511,315,2,312
9769,4,3,17,1216,115,1,352
9770,2,0,9,588,63,1,290
9771,5,0,16,1972,353,0,177
9772,0,0,17,518,223,1,188
9773,5,3,27,81,36,0,109
9774,1,0,24,2867,558,2,21
9775,5,2,23,3559,890,2,150
9776,4,3,28,2287,163,0,112
9777,3,6,7,272,86,1,81
9778,3,4,18,87,143,1,30
9779,3,5,22,1289,29,1,146
9780,2,3,14,2052,62,0,196
9781,0,5,9,581,179,1,49
9782,5,4,23,1740,591,2,234
9783,1,4,15,2133,63,0,121
9784,5,5,0,3766,197,2,319
9785,1,5,7,588,99,1,283
9786,5,0,20,883,70,1,134
9787,3,2,17,91,14,1,0
9788,5,3,3,1752,412,2,122
9789,1,6,7,908,32,1,81
9790,5,2,11,586,164,1,295
9791,5,3,4,2239,514,0,308
9792,1,0,17,731,141,1,197
9793,1,4,16,2865,393,0,130
9794,2,4,22,461,14,1,98
9795,3,1,29,2542,53,0,236
9796,3,6,7,139,225,1,276
9797,5,1,21,2773,210,0,160
9798,2,3,10,753,239,0,217
9799,1,2,10,2731,238,0,46
9800,5,4,7,502,287,1,315
9801,1,2,14,408,70,0,134
9802,1,0,10,2103,428,0,65
9803,3,0,29,192,431,0,47
9804,5,1,1,225,958,2,305
9805,4,6,16,2282,411,0,298
9806,0,0,7,267,176,1,76
9807,3,0,16,1073,375,0,286
9808,3,0,14,1553,347,0,363
9809,0,4,6,4451,515,2,64
9810,5,2,15,1186,229,0,170
9811,3,1,22,505,229,1,218
9812,0,1,5,3520,226,2,143
9813,5,6,7,27,81,1,291
9814,1,0,13,2217,140,0,278
9815,2,3,24,938,707,2,287
9816,3,2,9,1135,227,1,331
9817,1,6,3,3221,937,2,129
9818,5,4,11,1042,149,1,221
9819,4,0,28,2104,170,0,341
9820,4,6,3,3326,503,2,187
9821,2,1,27,2562,295,0,202
9822,2,6,15,2364,164,0,212
9823,3,6,15,71,432,0,171
9824,2,3,29,1137,492,0,218
9825,1,0,28,1840,29,0,22
9826,5,4,25,372,265,1,142
9827,2,3,20,1498,266,1,130
9828,0,6,24,1630,82,2,258
9829,5,3,25,791,153,1,325
9830,0,0,18,320,240,1,205
9831,0,6,9,1383,12,1,159
9832,4,2,2,2169,665,2,281
9833,4,4,4,2730,254,0,84
9834,2,5,14,777,633,0,187
9835,2,3,12,1183,57,1,43
9836,3,3,29,2271,449,0,302
9837,4,3,0,3444,663,2,288
9838,2,6,20,393,126,1,229
9839,3,0,3,4457,357,2,102
9840,1,2,9,819,290,1,143
9841,0,4,11,243,242,1,195
9842,2,6,0,1721,594,2,125
9843,5,2,2,4257,434,2,351
9844,1,2,12,643,199,1,335
9845,3,1,0,172,57,2,116
9846,1,6,29,25,614,0,141
9847,2,2,4,1209,144,0,224
9848,1,6,5,134,480,2,331
9849,3,3,17,1112,159,1,120
9850,1,1,19,984,182,1,69
9851,1,1,0,1518,544,2,189
9852,0,6,10,473,532,0,182
9853,0,1,25,693,73,1,224
9854,3,2,29,204,141,0,110
9855,3,6,8,2025,393,2,257
9856,2,5,21,1917,165,0,30
9857,4,5,27,1253,167,0,260
9858,1,0,28,1763,488,0,330
9859,1,3,12,856,60,1,219
9860,2,6,10,2892,582,0,321
9861,0,2,2,3356,646,2,139
9862,1,2,11,829,254,1,62
9863,0,1,3,2520,635,2,261
9864,3,1,15,1992,378,0,144
9865,3,2,10,1690,57,0,225
9866,4,0,23,4963,999,2,225
9867,4,5,23,4206,982,2,319
9868,5,4,16,1377,645,0,183
9869,3,1,3,3295,112,2,9
9870,4,6,18,1087,161,1,174
9871,1,6,17,853,129,1,362
9872,5,5,27,1190,214,0,294
9873,1,4,23,2132,751,2,28
9874,1,1,14,1850,698,0,208
9875,3,3,27,2885,579,0,75
9876,3,6,24,3841,784,2,158
9877,0,6,10,2739,17,0,170
9878,5,5,13,1060,692,0,85
9879,0,6,26,2876,417,2,240
9880,5,0,4,2196,524,0,239
9881,3,6,0,568,930,2,165
9882,5,5,27,1158,585,0,202
9883,1,4,24,3360,587,2,69
9884,2,6,2,2469,611,2,359
9885,1,4,20,489,99,1,269
9886,3,3,10,2845,195,0,157
9887,0,5,11,1137,97,1,152
9888,5,1,22,742,173,1,157
9889,2,3,23,2073,403,2,112
9890,0,4,28,1771,300,0,89
9891,5,1,23,2207,489,2,166
9892,1,2,18,489,250,1,70
9893,5,4,12,665,230,1,87
9894,0,5,20,1313,173,1,258
9895,1,1,16,2364,432,0,284
9896,1,2,25,1276,195,1,0
9897,1,6,17,1087,230,1,338
9898,2,0,16,1026,358,0,34
9899,1,5,24,701,895,2,39
9900,1,6,18,128,247,1,170
9901,5,2,15,2797,579,0,105
9902,3,2,16,2395,451,0,238
9903,2,4,17,45,39,1,283
9904,5,2,4,2655,333,0,68
9905,3,6,23,4880,305,2,238
9906,1,3,16,656,383,0,353
9907,4,2,14,724,111,0,87
9908,1,1,12,850,13,1,211
9909,2,2,19,266,71,1,15
9910,4,3,25,424,204,1,94
9911,4,2,8,536,237,2,262
9912,1,2,18,351,225,1,234
9913,3,5,0,3579,160,2,104
9914,0,2,17,1440,208,1,348
9915,2,3,17,566,87,1,346
9916,4,0,5,1060,834,2,280
9917,2,3,6,1869,933,2,131
9918,4,0,9,489,127,1,190
9919,0,6,20,494,142,1,111
9920,1,5,2,2443,927,2,20
9921,1,3,18,142,170,1,10
9922,0,2,29,502,178,0,209
9923,1,6,8,1669,117,2,75
9924,4,4,29,1585,647,0,310
9925,4,5,6,1310,910,2,272
9926,3,0,12,1467,276,1,341
9927,5,5,5,693,571,2,2
9928,1,2,16,2878,546,0,316
9929,5,1,8,429,711,2,101
9930,2,2,26,1671,487,2,275
9931,4,5,28,539,475,0,226
9932,4,6,24,2755,536,2,216
9933,5,0,9,732,281,1,339
9934,4,3,0,273,167,2,227
9935,2,1,6,3584,930,2,241
9936,3,2,16,1856,83,0,317
9937,3,2,28,1718,277,0,277
9938,5,0,4,1517,422,0,10
9939,0,6,18,801,112,1,22
9940,4,6,3,4449,399,2,287
9941,2,2,26,2230,372,2,264
9942,3,2,9,1132,249,1,123
9943,1,1,27,2778,599,0,68
9944,5,5,2,4746,304,2,281
9945,3,1,4,1318,308,0,33
9946,3,3,10,2018,575,0,68
9947,4,0,9,877,12,1,110
9948,3,0,19,489,137,1,348
9949,4,6,7,600,122,1,255
9950,0,3,5,346,199,2,352
9951,5,0,6,1372,884,2,21
9952,0,6,13,726,575,0,113
9953,3,1,12,1199,16,1,106
9954,4,3,2,342,838,2,354
9955,5,4,24,916,959,2,177
9956,2,0,13,1675,402,0,44
9957,4,1,14,1916,260,0,351
9958,4,2,25,926,179,1,218
9959,2,6,15,1404,169,0,284
9960,5,5,19,109,126,1,121
9961,5,6,13,734,628,0,238
9962,3,0,29,1333,456,0,341
9963,2,3,11,728,281,1,257
9964,2,5,17,1375,39,1,191
9965,1,2,12,787,99,1,142
9966,4,1,23,3861,203,2,199
9967,0,1,22,233,188,1,202
9968,5,2,9,1457,73,1,254
9969,0,0,26,1963,482,2,342
9970,4,2,23,2967,176,2,73
9971,1,3,29,2881,668,0,303
9972,0,5,3,3777,338,2,244
9973,4,0,26,332,180,2,193
9974,3,0,21,152,648,0,24
9975,3,2,19,1075,111,1,133
9976,3,2,29,213,333,0,131
9977,5,3,4,907,582,0,188
9978,4,6,18,554,282,1,93
9979,5,1,4,856,544,0,10
9980,3,0,26,4753,271,2,173
9981,0,0,29,1901,494,0,331
9982,3,5,1,4066,570,2,300
9983,5,3,4,1029,217,0,175
9984,5,3,6,2179,889,2,50
9985,5,6,23,3441,443,2,174
9986,1,5,26,1482,159,2,18
9987,4,3,12,670,34,1,236
9988,2,6,2,773,788,2,172
9989,2,0,14,2114,168,0,160
9990,5,1,24,2590,127,2,105
9991,1,0,13,339,494,0,129
9992,3,2,28,2137,355,0,180
9993,3,4,20,636,241,1,335
9994,4,0,23,4437,116,2,147
9995,3,1,22,1389,140,1,134
9996,2,2,11,1452,232,1,109
9997,4,3,8,2882,913,2,54
9998,0,4,5,4380,383,2,205
9999,5,4,0,306,206,2,170
10000,1,0,29,2792,351,0,314
